forwarders;clients;processes;layout;spatiality;odirect;stonewall;request;total;operation;time;transfered;bandwidth
0;32;1536;1;0;1;60;32;131072;write;79.53709;947.90625;11.91779
0;16;192;1;1;1;60;4096;131072;write;68.63929;5784.0;84.26661
0;16;192;1;1;1;60;4096;131072;write;66.1569;6700.0;101.27439
0;32;1536;1;0;1;60;512;131072;write;103.26704;2178.5;21.09579
0;8;192;1;1;1;60;8192;131072;write;68.04461;8568.0;125.91739
0;8;192;1;1;1;60;8192;131072;write;70.26557;10392.0;147.89604
0;32;384;1;0;1;60;6144;131072;write;84.53384;10500.0;124.21061
0;32;384;1;0;1;60;6144;131072;write;64.3788;8940.0;138.86559
0;8;384;1;0;1;60;1024;131072;write;63.82222;5018.0;78.62466
0;8;96;1;0;1;60;8192;131072;write;65.09013;10064.0;154.61638
0;8;96;1;0;1;60;8192;131072;write;65.12659;10200.0;156.61807
0;16;192;0;0;1;60;1024;131072;write;60.57574;14346.0;236.82747
0;16;192;0;0;1;60;1024;131072;write;60.03764;130901.0;2180.3157
0;8;96;1;1;1;60;512;131072;write;61.26553;1446.5;23.61034
0;8;96;1;1;1;60;512;131072;write;61.13079;2357.0;38.55667
0;32;768;0;0;1;60;128;131072;write;36.86609;131040.0;3554.48632
0;32;768;0;0;1;60;128;131072;write;60.42631;9193.25;152.13984
0;8;384;1;0;1;60;512;131072;write;64.58814;3125.0;48.3835
0;8;384;0;0;1;60;1024;131072;write;61.14038;130923.0;2141.35088
0;16;384;1;0;1;60;512;131072;write;63.15896;3686.0;58.36069
0;16;384;1;0;1;60;512;131072;write;65.93316;4015.5;60.90259
0;32;768;1;1;1;60;1024;131072;write;77.93851;2954.0;37.90167
0;32;768;1;1;1;60;1024;131072;write;62.48372;4557.0;72.931
0;16;192;1;1;1;60;8192;131072;write;66.17347;11272.0;170.34018
0;16;192;1;1;1;60;8192;131072;write;68.76083;10104.0;146.94413
0;8;384;1;1;1;60;512;131072;write;63.96304;3051.0;47.69942
0;32;768;0;0;1;60;32;131072;write;60.20712;3880.9375;64.45977
0;32;768;0;0;1;60;32;131072;write;39.5542;131064.0;3313.52905
0;16;384;0;0;1;60;128;131072;write;60.12653;24757.5;411.7567
0;16;384;0;0;1;60;128;131072;write;31.56697;131040.0;4151.17501
0;32;768;1;1;1;60;6144;131072;write;75.9942;9216.0;121.27242
0;32;768;1;1;1;60;6144;131072;write;104.14722;13158.0;126.34038
0;8;96;1;1;1;60;4096;131072;write;62.63439;4392.0;70.12122
0;8;96;1;1;1;60;4096;131072;write;62.75076;11192.0;178.35639
0;32;1536;0;0;1;60;8192;131072;write;4.50502;122880.0;27276.22416
0;16;384;1;0;1;60;4096;131072;write;69.41004;7476.0;107.70776
0;16;384;1;0;1;60;4096;131072;write;73.87204;9108.0;123.29429
0;16;384;1;0;1;60;32;131072;write;60.6541;9416.40625;155.24766
0;16;384;1;0;1;60;32;131072;write;60.04597;4899.0625;81.58854
0;8;384;1;0;1;60;4096;131072;write;74.12448;7372.0;99.45432
0;32;1536;1;0;1;60;4096;131072;write;119.66677;13420.0;112.14475
0;32;1536;1;0;1;60;6144;131072;write;141.89833;17544.0;123.63782
0;16;768;1;0;1;60;128;131072;write;60.85918;6414.125;105.39288
0;16;384;1;0;1;60;6144;131072;write;83.75732;9690.0;115.69138
0;16;384;1;0;1;60;6144;131072;write;84.08327;13566.0;161.34006
0;8;192;1;1;1;60;512;131072;write;62.9542;1855.5;29.47381
0;8;192;1;1;1;60;512;131072;write;61.43604;2578.5;41.97048
0;8;192;1;0;1;60;6144;131072;write;69.11556;6498.0;94.01646
0;8;192;1;0;1;60;6144;131072;write;74.05788;7548.0;101.92028
0;8;192;1;0;1;60;128;131072;write;60.27448;7645.375;126.84266
0;8;192;1;0;1;60;128;131072;write;60.33357;13843.25;229.44522
0;32;768;1;0;1;60;6144;131072;write;96.59895;9216.0;95.40476
0;32;768;1;0;1;60;6144;131072;write;104.18975;12762.0;122.48806
0;32;768;1;0;1;60;128;131072;write;61.98472;7474.125;120.58013
0;32;768;1;0;1;60;128;131072;write;60.26182;4244.0;70.42601
0;16;768;0;0;1;60;1024;131072;write;19.41683;130560.0;6724.06215
0;8;384;0;0;1;60;128;131072;write;29.24378;131040.0;4480.95286
0;32;384;1;0;1;60;128;131072;write;61.50071;10626.75;172.79068
0;32;384;1;0;1;60;128;131072;write;60.14588;8194.875;136.24999
0;16;384;1;0;1;60;8192;131072;write;67.71605;21104.0;311.65432
0;16;384;1;0;1;60;8192;131072;write;77.91525;12856.0;164.99979
0;32;384;1;0;1;60;6144;131072;write;84.59019;9084.0;107.38834
0;32;384;1;0;1;60;6144;131072;write;61.40029;11430.0;186.15546
0;16;192;0;0;1;60;32;131072;write;52.25685;131070.0;2508.18795
0;16;192;0;0;1;60;32;131072;write;60.01637;12947.875;215.73906
0;32;768;1;0;1;60;4096;131072;write;89.88546;8956.0;99.63792
0;32;768;1;0;1;60;4096;131072;write;77.33571;9216.0;119.16875
0;32;384;0;0;1;60;8192;131072;write;61.47578;50064.0;814.36946
0;32;384;0;0;1;60;8192;131072;write;9.83304;129024.0;13121.47164
0;32;768;1;1;1;60;1024;131072;write;62.13116;5261.0;84.6757
0;32;768;1;1;1;60;1024;131072;write;81.01909;3108.0;38.36133
0;16;384;1;1;1;60;8192;131072;write;80.207;12568.0;156.69455
0;16;384;1;1;1;60;8192;131072;write;65.40758;9248.0;141.39034
0;32;1536;1;1;1;60;8192;131072;write;138.90721;24728.0;178.01812
0;16;384;1;0;1;60;128;131072;write;60.22165;9244.75;153.51207
0;16;384;1;0;1;60;128;131072;write;60.7333;13579.75;223.59643
0;32;384;0;0;1;60;6144;131072;write;11.41088;129024.0;11307.104
0;32;384;0;0;1;60;6144;131072;write;61.11394;38544.0;630.69085
0;32;384;0;0;1;60;1024;131072;write;50.56308;130944.0;2589.71591
0;32;384;0;0;1;60;1024;131072;write;61.18147;10977.0;179.41708
0;32;768;0;0;1;60;512;131072;write;31.52348;130944.0;4153.85612
0;32;768;0;0;1;60;512;131072;write;94.0993;4540.0;48.24691
0;16;768;1;0;1;60;512;131072;write;68.57577;3086.0;45.00132
0;16;768;1;0;1;60;8192;131072;write;94.64864;16536.0;174.70933
0;16;384;1;1;1;60;1024;131072;write;71.181;1945.0;27.32471
0;16;384;1;1;1;60;1024;131072;write;61.36426;4856.0;79.13401
0;16;192;1;1;1;60;128;131072;write;60.16847;9002.125;149.61532
0;16;192;1;1;1;60;128;131072;write;60.0439;11075.875;184.46295
0;16;384;1;1;1;60;128;131072;write;60.3124;10269.5;170.27179
0;16;384;1;1;1;60;128;131072;write;60.22907;9834.5;163.28495
0;8;384;0;0;1;60;1024;131072;write;45.50731;130944.0;2877.42804
0;8;384;1;0;1;60;4096;131072;write;73.59384;7680.0;104.35656
0;8;384;1;0;1;60;8192;131072;write;77.62302;13304.0;171.39246
0;16;768;1;1;1;60;128;131072;write;60.43741;10201.25;168.79032
0;16;384;1;0;1;60;4096;131072;write;66.41983;6068.0;91.35825
0;16;384;1;0;1;60;4096;131072;write;74.41768;9232.0;124.05654
0;32;1536;1;1;1;60;512;131072;write;95.25869;3165.0;33.22531
0;8;384;1;1;1;60;512;131072;write;65.13756;1631.5;25.04699
0;16;384;1;0;1;60;32;131072;write;60.4531;9946.5625;164.53353
0;16;384;1;0;1;60;32;131072;write;60.16716;4685.65625;77.8773
0;8;96;1;1;1;60;4096;131072;write;63.85534;5876.0;92.02049
0;8;96;1;1;1;60;4096;131072;write;61.72173;3736.0;60.52974
0;32;384;0;0;1;60;128;131072;write;39.29339;131040.0;3334.91228
0;32;384;0;0;1;60;128;131072;write;60.05374;21127.0;351.80155
0;8;192;1;1;1;60;1024;131072;write;63.79109;3060.0;47.96908
0;8;192;1;1;1;60;1024;131072;write;63.85981;2766.0;43.31363
0;32;768;1;0;1;60;1024;131072;write;67.16181;4094.0;60.95726
0;32;768;1;0;1;60;1024;131072;write;72.09226;4700.0;65.19423
0;32;1536;0;0;1;60;32;131072;write;60.61619;99970.78125;1649.24222
0;8;96;1;1;1;60;6144;131072;write;65.21786;4938.0;75.71545
0;8;96;1;1;1;60;6144;131072;write;66.57465;6102.0;91.65651
0;16;384;0;0;1;60;512;131072;write;59.25604;130944.0;2209.80009
0;16;384;0;0;1;60;512;131072;write;61.10237;7863.0;128.68568
0;16;384;1;0;1;60;1024;131072;write;72.59223;3525.0;48.55892
0;16;384;1;0;1;60;1024;131072;write;61.32682;4844.0;78.98665
0;8;96;1;0;1;60;128;131072;write;60.43305;13653.125;225.92148
0;8;96;1;0;1;60;128;131072;write;60.30389;4933.875;81.81686
0;8;192;1;1;1;60;128;131072;write;60.1036;11712.875;194.87809
0;8;192;1;1;1;60;128;131072;write;60.1623;5353.375;88.98222
0;8;192;0;0;1;60;4096;131072;write;22.20556;130560.0;5879.60926
0;8;192;0;0;1;60;4096;131072;write;61.13766;26452.0;432.66292
0;8;192;0;0;1;60;1024;131072;write;51.50643;130944.0;2542.28444
0;8;192;0;0;1;60;1024;131072;write;60.69105;8957.0;147.58355
0;32;384;1;0;1;60;512;131072;write;60.8828;3396.5;55.78751
0;32;384;1;0;1;60;512;131072;write;65.44258;2279.5;34.83206
0;32;384;1;1;1;60;128;131072;write;60.23945;10479.75;173.96823
0;32;384;1;1;1;60;128;131072;write;61.05651;1096.375;17.95672
0;16;384;1;1;1;60;512;131072;write;61.43486;3402.5;55.38386
0;16;384;1;1;1;60;512;131072;write;64.55177;2322.5;35.97887
0;16;768;1;0;1;60;128;131072;write;61.12395;6013.5;98.38206
0;8;96;0;0;1;60;8192;131072;write;60.57898;49800.0;822.06736
0;8;96;0;0;1;60;8192;131072;write;20.26555;130560.0;6442.45907
0;32;1536;1;0;1;60;128;131072;write;85.54795;567.5;6.63371
0;8;192;0;0;1;60;512;131072;write;60.11552;99631.0;1657.32566
0;8;192;0;0;1;60;512;131072;write;60.42798;4812.5;79.64026
0;32;1536;0;0;1;60;128;131072;write;60.16141;129170.75;2147.06987
0;32;384;1;1;1;60;32;131072;write;60.10972;6608.59375;109.94217
0;32;384;1;1;1;60;32;131072;write;60.0818;6975.96875;116.10785
0;8;192;1;1;1;60;32;131072;write;60.32972;2001.09375;33.16929
0;8;192;1;1;1;60;32;131072;write;60.05326;11047.46875;183.9612
0;8;192;1;0;1;60;1024;131072;write;63.31908;2845.0;44.93116
0;8;192;1;0;1;60;1024;131072;write;61.65389;6353.0;103.04297
0;8;96;1;1;1;60;1024;131072;write;62.51268;1560.0;24.95494
0;8;96;1;1;1;60;1024;131072;write;61.76896;2862.0;46.33395
0;8;384;1;1;1;60;1024;131072;write;64.67492;3644.0;56.34332
0;8;384;0;0;1;60;512;131072;write;48.60613;130944.0;2693.9814
0;16;192;1;1;1;60;32;131072;write;60.08357;8909.5;148.28512
0;16;192;1;1;1;60;32;131072;write;60.02233;6468.0;107.75989
0;16;384;1;0;1;60;512;131072;write;63.10682;3518.0;55.74675
0;16;384;1;0;1;60;512;131072;write;61.60853;3777.0;61.30644
0;16;384;1;0;1;60;512;131072;write;69.51972;3571.5;51.37391
0;32;1536;0;0;1;60;512;131072;write;23.34093;130560.0;5593.60656
0;32;1536;1;0;1;60;512;131072;write;112.5671;1535.5;13.64075
0;8;384;1;1;1;60;6144;131072;write;83.36783;9240.0;110.83412
0;32;768;1;0;1;60;128;131072;write;60.47401;4769.125;78.86239
0;32;768;1;0;1;60;128;131072;write;60.48812;7653.375;126.52691
0;32;768;1;0;1;60;128;131072;write;62.11386;4857.25;78.19913
0;8;96;1;1;1;60;128;131072;write;60.01206;6419.125;106.96391
0;8;96;1;1;1;60;128;131072;write;60.09915;3946.625;65.66856
0;8;96;1;1;1;60;128;131072;write;60.06899;11704.25;194.84678
0;32;1536;1;1;1;60;128;131072;write;61.08778;6214.375;101.7286
0;8;96;1;1;1;60;1024;131072;write;62.47662;2246.0;35.94945
0;8;96;1;1;1;60;1024;131072;write;61.06297;2818.0;46.14908
0;16;192;1;0;1;60;4096;131072;write;66.89893;9064.0;135.48796
0;16;192;1;0;1;60;4096;131072;write;67.68732;6896.0;101.88024
0;16;192;1;0;1;60;4096;131072;write;66.81708;6844.0;102.42891
0;32;1536;0;0;1;60;6144;131072;write;8.19372;129024.0;15746.68554
0;8;96;1;0;1;60;1024;131072;write;63.07657;2652.0;42.04413
0;8;96;1;0;1;60;1024;131072;write;60.63702;3978.0;65.60349
0;8;96;1;0;1;60;1024;131072;write;60.98417;5862.0;96.1233
0;32;768;0;0;1;60;4096;131072;write;12.29405;129024.0;10494.8303
0;32;768;0;0;1;60;4096;131072;write;62.70438;27568.0;439.65033
0;32;768;0;0;1;60;4096;131072;write;64.87505;30020.0;462.7357
0;8;192;1;0;1;60;128;131072;write;60.29837;13732.0;227.73418
0;8;192;1;0;1;60;128;131072;write;60.15228;8000.75;133.00826
0;16;192;1;1;1;60;1024;131072;write;62.56041;2662.0;42.55087
0;16;192;1;1;1;60;1024;131072;write;63.42844;2537.0;39.99783
0;16;192;1;1;1;60;1024;131072;write;62.85448;2893.0;46.02695
0;32;384;0;0;1;60;512;131072;write;61.42308;130456.5;2123.90017
0;32;384;0;0;1;60;512;131072;write;61.1117;7221.5;118.16886
0;32;384;0;0;1;60;512;131072;write;61.10542;6670.5;109.16381
0;16;768;0;0;1;60;512;131072;write;31.9941;130944.0;4092.75417
0;8;192;0;0;1;60;32;131072;write;60.08328;4657.59375;77.51896
0;8;192;0;0;1;60;32;131072;write;53.38712;131070.0;2455.08677
0;8;192;0;0;1;60;32;131072;write;60.09766;1865.375;31.03906
0;16;384;0;0;1;60;128;131072;write;60.04269;16827.25;280.25478
0;16;384;0;0;1;60;128;131072;write;41.84699;131040.0;3131.40787
0;16;384;0;0;1;60;128;131072;write;60.02723;19486.0;324.61933
0;32;768;1;0;1;60;8192;131072;write;93.65052;16808.0;179.47579
0;32;768;1;0;1;60;8192;131072;write;80.01556;12288.0;153.57013
0;32;768;1;0;1;60;8192;131072;write;78.52035;12368.0;157.51331
0;8;192;0;0;1;60;128;131072;write;32.91704;131064.0;3981.64573
0;8;192;0;0;1;60;128;131072;write;60.13474;6945.375;115.49688
0;8;192;0;0;1;60;128;131072;write;60.02653;14532.875;242.10754
0;16;768;1;1;1;60;6144;131072;write;102.28522;13056.0;127.64307
0;8;96;1;1;1;60;8192;131072;write;65.69526;7032.0;107.03968
0;8;96;1;1;1;60;8192;131072;write;65.38301;10200.0;156.00383
0;32;768;0;0;1;60;1024;131072;write;62.64424;11360.0;181.34151
0;32;768;0;0;1;60;1024;131072;write;30.65857;130560.0;4258.51527
0;32;768;0;0;1;60;1024;131072;write;62.7962;9460.0;150.64607
0;8;384;1;1;1;60;4096;131072;write;77.14445;7012.0;90.89441
0;8;192;1;1;1;60;4096;131072;write;66.44622;6196.0;93.24835
0;8;192;1;1;1;60;4096;131072;write;67.69922;6864.0;101.38964
0;16;384;0;0;1;60;6144;131072;write;14.80218;129024.0;8716.5522
0;16;384;0;0;1;60;6144;131072;write;61.22972;29484.0;481.53088
0;32;1536;1;0;1;60;1024;131072;write;107.89971;4413.0;40.89909
0;16;768;1;1;1;60;32;131072;write;60.1517;7885.96875;131.10135
0;16;192;0;0;1;60;8192;131072;write;60.67636;50128.0;826.15367
0;16;192;0;0;1;60;8192;131072;write;14.47546;130560.0;9019.40206
0;32;384;1;0;1;60;4096;131072;write;72.60701;8940.0;123.12861
0;32;384;1;0;1;60;4096;131072;write;74.07386;7400.0;99.9003
0;8;192;1;0;1;60;32;131072;write;60.31264;11014.1875;182.61822
0;8;192;1;0;1;60;32;131072;write;60.13271;3351.84375;55.74078
0;16;192;0;0;1;60;1024;131072;write;51.51832;130944.0;2541.69767
0;16;192;0;0;1;60;1024;131072;write;60.72918;9627.0;158.52346
0;16;192;0;0;1;60;4096;131072;write;19.55982;130560.0;6674.90677
0;16;192;0;0;1;60;4096;131072;write;61.13757;24476.0;400.34306
0;32;768;0;0;1;60;8192;131072;write;7.63959;129024.0;16888.87251
0;32;768;0;0;1;60;8192;131072;write;65.87939;49040.0;744.39062
0;8;96;0;0;1;60;32;131072;write;60.06079;84313.5625;1403.80365
0;8;96;0;0;1;60;32;131072;write;60.03972;5072.28125;84.4821
0;8;96;1;1;1;60;8192;131072;write;65.22648;10160.0;155.76495
0;8;96;1;1;1;60;8192;131072;write;64.64539;7776.0;120.28701
0;8;96;1;0;1;60;6144;131072;write;69.00714;5964.0;86.42584
0;8;96;1;0;1;60;6144;131072;write;62.48107;5274.0;84.40957
0;8;96;0;0;1;60;128;131072;write;51.35936;131064.0;2551.90089
0;8;96;0;0;1;60;128;131072;write;60.03288;15762.5;262.56446
0;32;1536;0;0;1;60;1024;131072;write;25.62934;130560.0;5094.16091
0;8;96;1;0;1;60;8192;131072;write;64.41531;11912.0;184.92499
0;8;96;1;0;1;60;8192;131072;write;64.1333;8696.0;135.59259
0;8;384;1;0;1;60;32;131072;write;60.38538;8761.5625;145.09411
0;16;384;0;0;1;60;4096;131072;write;13.51453;130560.0;9660.71369
0;16;384;0;0;1;60;4096;131072;write;61.10929;24128.0;394.83361
0;16;192;1;1;1;60;128;131072;write;60.06351;10701.875;178.17598
0;16;192;1;1;1;60;128;131072;write;60.14091;10820.625;179.92121
0;16;768;1;1;1;60;1024;131072;write;76.82723;3107.0;40.44139
0;8;96;1;1;1;60;512;131072;write;68.348;1687.5;24.68982
0;8;96;1;1;1;60;512;131072;write;61.33393;1477.0;24.08129
0;32;384;1;1;1;60;1024;131072;write;67.60617;4417.0;65.33427
0;32;384;1;1;1;60;1024;131072;write;70.42849;2523.0;35.82357
0;16;768;1;0;1;60;4096;131072;write;88.10385;9716.0;110.27894
0;8;96;0;0;1;60;1024;131072;write;60.28962;12461.0;206.68567
0;8;96;0;0;1;60;1024;131072;write;60.47906;89901.0;1486.48132
0;8;96;0;0;1;60;512;131072;write;60.30851;7228.5;119.8587
0;8;96;0;0;1;60;512;131072;write;60.42539;43152.0;714.13693
0;32;384;0;0;1;60;4096;131072;write;24.93554;130560.0;5235.90122
0;32;384;0;0;1;60;4096;131072;write;61.05426;33328.0;545.87505
0;32;768;0;0;1;60;6144;131072;write;64.45984;35346.0;548.34138
0;32;768;0;0;1;60;6144;131072;write;19.26086;129024.0;6698.7676
0;8;192;0;0;1;60;128;131072;write;35.70996;131064.0;3670.23617
0;8;192;0;0;1;60;128;131072;write;60.04324;24205.25;403.13031
0;32;1536;0;0;1;60;8192;131072;write;10.57524;122880.0;11619.59797
0;32;384;1;1;1;60;512;131072;write;64.4673;2605.0;40.40808
0;32;384;1;1;1;60;512;131072;write;65.29656;1918.0;29.37368
0;8;384;1;0;1;60;6144;131072;write;85.89847;8904.0;103.65726
0;32;768;1;0;1;60;512;131072;write;68.43993;3170.5;46.32529
0;32;768;1;0;1;60;512;131072;write;63.59425;2625.5;41.28518
0;16;192;1;0;1;60;8192;131072;write;67.6098;10024.0;148.26254
0;16;192;1;0;1;60;8192;131072;write;70.57767;9184.0;130.12614
0;32;768;1;1;1;60;8192;131072;write;100.60201;16448.0;163.49574
0;32;768;1;1;1;60;8192;131072;write;76.43208;12288.0;160.77019
0;32;1536;1;1;1;60;32;131072;write;60.25783;7045.34375;116.91997
0;16;768;1;1;1;60;32;131072;write;60.15518;4749.3125;78.95101
0;32;1536;1;1;1;60;6144;131072;write;148.85691;17850.0;119.91382
0;16;192;0;0;1;60;512;131072;write;62.50863;82634.5;1321.96956
0;16;192;0;0;1;60;512;131072;write;60.4341;6774.0;112.08904
0;16;768;1;0;1;60;6144;131072;write;121.18135;10068.0;83.08209
0;8;96;1;0;1;60;512;131072;write;60.53326;3258.0;53.82165
0;8;96;1;0;1;60;512;131072;write;60.48267;4099.0;67.77148
0;32;384;1;1;1;60;8192;131072;write;68.03627;9096.0;133.6934
0;32;384;1;1;1;60;8192;131072;write;77.88506;14656.0;188.17473
0;32;768;1;1;1;60;512;131072;write;62.56609;3015.5;48.19704
0;32;768;1;1;1;60;512;131072;write;68.46732;2533.0;36.99575
0;16;768;1;0;1;60;32;131072;write;60.69863;1415.125;23.31395
0;16;192;1;1;1;60;6144;131072;write;71.96738;7896.0;109.71637
0;16;192;1;1;1;60;6144;131072;write;68.9595;7164.0;103.88706
0;32;384;1;0;1;60;8192;131072;write;76.9788;13680.0;177.71126
0;32;384;1;0;1;60;8192;131072;write;62.12233;18192.0;292.84154
0;16;768;0;0;1;60;4096;131072;write;15.80347;129024.0;8164.28512
0;16;192;0;0;1;60;128;131072;write;60.02088;25175.25;419.44151
0;16;192;0;0;1;60;128;131072;write;60.5839;95649.0;1578.78578
0;16;192;1;0;1;60;8192;131072;write;66.13343;9736.0;147.21753
0;16;192;1;0;1;60;8192;131072;write;76.02948;6264.0;82.38909
0;8;192;0;0;1;60;8192;131072;write;38.00766;130560.0;3435.09725
0;8;192;0;0;1;60;8192;131072;write;60.85266;60144.0;988.35457
0;8;96;0;0;1;60;6144;131072;write;38.70424;130752.0;3378.23423
0;8;96;0;0;1;60;6144;131072;write;60.67482;41298.0;680.64482
0;8;384;0;0;1;60;32;131072;write;52.83599;131064.0;2480.58209
0;16;768;0;0;1;60;8192;131072;write;10.38027;129024.0;12429.72939
0;32;1536;1;1;1;60;1024;131072;write;111.95584;3581.0;31.98583
0;32;1536;1;0;1;60;32;131072;write;75.24238;1930.8125;25.66124
0;8;96;1;0;1;60;512;131072;write;60.4848;3503.0;57.91538
0;8;96;1;0;1;60;512;131072;write;60.60956;2832.0;46.7253
0;32;1536;1;1;1;60;4096;131072;write;129.00951;10780.0;83.55973
0;8;384;0;0;1;60;6144;131072;write;13.15472;129024.0;9808.19232
0;32;768;1;0;1;60;1024;131072;write;79.99388;2895.0;36.19027
0;32;768;1;0;1;60;1024;131072;write;69.30295;2586.0;37.31443
0;16;192;1;1;1;60;512;131072;write;66.4267;927.5;13.96276
0;16;192;1;1;1;60;512;131072;write;62.79083;1097.5;17.47867
0;32;768;1;0;1;60;6144;131072;write;94.13188;9216.0;97.9052
0;32;768;1;0;1;60;6144;131072;write;107.1399;10518.0;98.17071
0;8;96;1;1;1;60;8192;131072;write;65.04977;9976.0;153.3595
0;8;96;1;1;1;60;8192;131072;write;65.41763;7528.0;115.07601
0;16;384;0;0;1;60;32;131072;write;60.04528;10097.125;168.1585
0;16;384;0;0;1;60;32;131072;write;60.59542;44492.9375;734.26234
0;16;192;1;0;1;60;4096;131072;write;68.25619;6688.0;97.98379
0;16;192;1;0;1;60;4096;131072;write;66.37166;8412.0;126.74083
0;16;192;0;0;1;60;32;131072;write;60.10032;11220.34375;186.69357
0;16;192;0;0;1;60;32;131072;write;61.65925;128101.75;2077.57553
0;32;1536;0;0;1;60;32;131072;write;60.26421;130638.6875;2167.76577
0;16;384;1;1;1;60;8192;131072;write;67.67643;9152.0;135.23171
0;16;384;1;1;1;60;8192;131072;write;81.42696;10192.0;125.16739
0;32;384;0;0;1;60;32;131072;write;60.03173;12745.46875;212.31221
0;32;384;0;0;1;60;32;131072;write;60.13522;87591.1875;1456.5706
0;16;192;1;1;1;60;1024;131072;write;64.21606;2236.0;34.81995
0;16;192;1;1;1;60;1024;131072;write;63.59818;3380.0;53.14617
0;16;192;0;0;1;60;6144;131072;write;61.04375;42702.0;699.53107
0;16;192;0;0;1;60;6144;131072;write;26.41469;130176.0;4928.16623
0;32;768;1;0;1;60;1024;131072;write;71.16998;4359.0;61.24774
0;32;768;1;0;1;60;1024;131072;write;65.15986;4826.0;74.064
0;32;384;0;0;1;60;1024;131072;write;54.90791;130944.0;2384.79297
0;32;384;0;0;1;60;1024;131072;write;61.26604;14300.0;233.40826
0;8;384;1;0;1;60;4096;131072;write;77.55696;8124.0;104.74882
0;32;768;0;0;1;60;8192;131072;write;11.60856;129024.0;11114.55469
0;32;768;0;0;1;60;8192;131072;write;64.35699;49128.0;763.36695
0;32;384;1;1;1;60;1024;131072;write;63.87381;4878.0;76.36933
0;32;384;1;1;1;60;1024;131072;write;68.85367;2076.0;30.1509
0;16;384;0;0;1;60;4096;131072;write;28.92007;130560.0;4514.51136
0;16;384;0;0;1;60;4096;131072;write;61.46708;32688.0;531.79687
0;8;192;0;0;1;60;8192;131072;write;60.96809;46728.0;766.43377
0;8;192;0;0;1;60;8192;131072;write;13.60993;130560.0;9592.99433
0;8;96;1;1;1;60;4096;131072;write;63.97862;5964.0;93.21864
0;8;96;1;1;1;60;4096;131072;write;64.28172;4840.0;75.29357
0;16;384;1;0;1;60;32;131072;write;62.2791;6744.4375;108.29376
0;16;384;1;0;1;60;32;131072;write;60.6392;4473.78125;73.77705
0;32;768;0;0;1;60;32;131072;write;60.05831;7338.90625;122.19636
0;32;768;0;0;1;60;32;131072;write;45.87042;131064.0;2857.26604
0;16;768;1;1;1;60;8192;131072;write;102.21485;13448.0;131.56601
0;16;384;1;0;1;60;512;131072;write;64.54188;2073.5;32.12643
0;16;384;1;0;1;60;512;131072;write;63.12636;3371.5;53.40875
0;8;96;1;0;1;60;512;131072;write;60.58134;2949.0;48.67835
0;8;96;1;0;1;60;512;131072;write;60.7833;3138.0;51.62603
0;16;384;0;0;1;60;128;131072;write;40.13722;131040.0;3264.80048
0;16;384;0;0;1;60;128;131072;write;62.81087;20278.375;322.84816
0;8;96;0;0;1;60;4096;131072;write;60.54671;32672.0;539.61646
0;8;96;0;0;1;60;4096;131072;write;36.63202;130944.0;3574.57725
0;16;768;0;0;1;60;512;131072;write;61.19019;130938.5;2139.86113
0;16;192;0;0;1;60;4096;131072;write;62.5943;36652.0;585.54857
0;16;192;0;0;1;60;4096;131072;write;24.51294;130560.0;5326.16637
0;32;768;0;0;1;60;4096;131072;write;21.07972;129024.0;6120.76526
0;32;768;0;0;1;60;4096;131072;write;63.60067;30592.0;481.0012
0;16;192;0;0;1;60;128;131072;write;61.82288;26521.875;428.99774
0;16;192;0;0;1;60;128;131072;write;43.34975;131064.0;3023.40856
0;16;192;1;0;1;60;8192;131072;write;68.15795;13936.0;204.46626
0;16;192;1;0;1;60;8192;131072;write;67.88257;9768.0;143.89555
0;32;1536;1;1;1;60;1024;131072;write;105.80787;3122.0;29.50631
0;16;384;0;0;1;60;8192;131072;write;7.48785;129024.0;17231.10294
0;16;384;0;0;1;60;8192;131072;write;62.2203;55016.0;884.21306
0;8;96;1;0;1;60;128;131072;write;60.21105;13746.25;228.3011
0;8;96;1;0;1;60;128;131072;write;60.15786;7740.125;128.66357
0;8;192;1;1;1;60;4096;131072;write;67.04351;6772.0;101.00902
0;8;192;1;1;1;60;4096;131072;write;69.35035;6140.0;88.53596
0;8;192;1;0;1;60;512;131072;write;60.6104;3526.0;58.17484
0;8;192;1;0;1;60;512;131072;write;61.70295;2734.5;44.31717
0;8;384;1;1;1;60;128;131072;write;60.21053;11162.625;185.39324
0;8;192;0;0;1;60;512;131072;write;60.6296;6315.0;104.15704
0;8;192;0;0;1;60;512;131072;write;61.85263;97331.5;1573.60325
0;32;1536;0;0;1;60;1024;131072;write;37.27685;130560.0;3502.44143
0;32;768;1;1;1;60;512;131072;write;74.98418;1936.0;25.81878
0;32;768;1;1;1;60;512;131072;write;65.02076;4146.5;63.77194
0;16;384;1;1;1;60;512;131072;write;66.97286;1639.5;24.48007
0;16;384;1;1;1;60;512;131072;write;61.38359;2661.5;43.35849
0;8;192;0;0;1;60;4096;131072;write;20.88279;130560.0;6252.03803
0;8;192;0;0;1;60;4096;131072;write;60.77856;38220.0;628.84015
0;16;768;0;0;1;60;6144;131072;write;9.91487;129024.0;13013.18548
0;32;384;1;0;1;60;128;131072;write;61.49901;9078.75;147.62433
0;32;384;1;0;1;60;128;131072;write;60.19107;9088.25;150.99
0;32;768;0;0;1;60;6144;131072;write;7.52798;129024.0;17139.26688
0;32;768;0;0;1;60;6144;131072;write;64.45007;32166.0;499.08404
0;32;768;1;1;1;60;6144;131072;write;106.36011;12462.0;117.16799
0;32;768;1;1;1;60;6144;131072;write;73.48084;9216.0;125.42044
0;8;192;1;1;1;60;6144;131072;write;67.48227;4968.0;73.61934
0;8;192;1;1;1;60;6144;131072;write;71.34889;7554.0;105.8741
0;8;384;1;1;1;60;6144;131072;write;83.31552;9204.0;110.47162
0;32;1536;1;1;1;60;1024;131072;write;109.4944;3269.0;29.85541
0;16;768;1;1;1;60;4096;131072;write;96.13423;7848.0;81.63586
0;32;1536;1;1;1;60;32;131072;write;60.60018;4394.28125;72.51267
0;8;384;1;0;1;60;6144;131072;write;84.4827;8640.0;102.26946
0;32;768;1;0;1;60;512;131072;write;63.61167;3407.0;53.55936
0;32;768;1;0;1;60;512;131072;write;75.87246;2424.0;31.94835
0;8;192;1;0;1;60;4096;131072;write;68.66065;6832.0;99.50387
0;8;192;1;0;1;60;4096;131072;write;66.85613;8152.0;121.93347
0;8;96;0;0;1;60;128;131072;write;60.05578;23478.375;390.94281
0;8;96;0;0;1;60;128;131072;write;37.26677;131064.0;3516.9131
0;16;192;0;0;1;60;512;131072;write;60.5426;7212.5;119.13099
0;16;192;0;0;1;60;512;131072;write;61.43011;92953.0;1513.15043
0;8;192;1;1;1;60;32;131072;write;60.02131;4936.53125;82.24631
0;8;192;1;1;1;60;32;131072;write;60.05803;10625.59375;176.92211
0;8;96;1;1;1;60;6144;131072;write;65.56921;5226.0;79.70205
0;8;96;1;1;1;60;6144;131072;write;66.25594;5298.0;79.96264
0;8;192;1;1;1;60;128;131072;write;60.17964;7415.375;123.22067
0;8;192;1;1;1;60;128;131072;write;60.14321;9995.5;166.19499
0;8;192;0;0;1;60;1024;131072;write;60.07652;127966.0;2130.04997
0;8;192;0;0;1;60;1024;131072;write;60.69032;9804.0;161.54142
0;16;384;1;0;1;60;1024;131072;write;61.48463;4023.0;65.43099
0;16;384;1;0;1;60;1024;131072;write;70.80099;4163.0;58.79861
0;32;1536;0;0;1;60;512;131072;write;62.24928;130547.0;2097.16474
0;8;192;1;1;1;60;8192;131072;write;65.28805;7384.0;113.0988
0;8;192;1;1;1;60;8192;131072;write;67.95082;9264.0;136.3339
0;32;1536;1;0;1;60;512;131072;write;107.85123;1988.0;18.4328
0;32;1536;0;0;1;60;8192;131072;write;12.50561;122880.0;9825.98982
0;32;384;0;0;1;60;4096;131072;write;21.25208;130560.0;6143.39907
0;32;384;0;0;1;60;4096;131072;write;61.83702;35572.0;575.25413
0;8;384;1;1;1;60;8192;131072;write;81.85351;12856.0;157.06107
0;8;96;1;0;1;60;4096;131072;write;62.39695;5952.0;95.38928
0;8;96;1;0;1;60;4096;131072;write;61.68303;4484.0;72.69422
0;8;384;1;0;1;60;1024;131072;write;65.12104;3552.0;54.54458
0;8;384;0;0;1;60;128;131072;write;36.25896;131040.0;3614.00309
0;32;384;1;1;1;60;4096;131072;write;69.18162;9020.0;130.38145
0;32;384;1;1;1;60;4096;131072;write;71.6207;7896.0;110.24746
0;16;192;1;0;1;60;4096;131072;write;66.82747;7096.0;106.18389
0;16;192;1;0;1;60;4096;131072;write;66.72253;8268.0;123.91617
0;16;192;1;0;1;60;1024;131072;write;60.8114;4647.0;76.41659
0;16;192;1;0;1;60;1024;131072;write;63.0683;4978.0;78.9303
0;8;96;1;1;1;60;32;131072;write;60.01874;5794.09375;96.53808
0;8;96;1;1;1;60;32;131072;write;60.06429;7857.9375;130.82546
0;8;192;1;1;1;60;1024;131072;write;66.86003;1187.0;17.75351
0;8;192;1;1;1;60;1024;131072;write;60.93969;3043.0;49.93462
0;32;1536;1;0;1;60;8192;131072;write;137.50165;21696.0;157.7872
0;32;1536;1;0;1;60;32;131072;write;77.40318;827.53125;10.69118
0;16;384;0;0;1;60;6144;131072;write;14.82898;129024.0;8700.80277
0;16;384;0;0;1;60;6144;131072;write;61.65199;38010.0;616.52512
0;8;384;0;0;1;60;1024;131072;write;60.20289;130700.0;2170.99217
0;32;768;1;1;1;60;32;131072;write;60.04629;8827.53125;147.0121
0;32;768;1;1;1;60;32;131072;write;60.19458;3794.71875;63.04087
0;16;384;0;0;1;60;512;131072;write;62.47257;130488.5;2088.73275
0;16;384;0;0;1;60;512;131072;write;60.91354;6869.0;112.76638
0;16;768;1;0;1;60;4096;131072;write;92.74962;7844.0;84.57178
0;8;192;1;1;1;60;4096;131072;write;69.77156;3596.0;51.53962
0;8;192;1;1;1;60;4096;131072;write;63.11342;5360.0;84.92647
0;8;192;1;1;1;60;512;131072;write;65.06785;448.5;6.89281
0;8;192;1;1;1;60;512;131072;write;62.77399;1670.0;26.60337
0;8;96;1;1;1;60;512;131072;write;63.51562;878.5;13.83124
0;8;96;1;1;1;60;512;131072;write;61.12061;1176.0;19.24064
0;16;768;1;0;1;60;1024;131072;write;81.8081;3736.0;45.66785
0;16;192;1;1;1;60;128;131072;write;60.07943;9865.0;164.19929
0;16;192;1;1;1;60;128;131072;write;60.16522;4219.25;70.12773
0;16;768;0;0;1;60;128;131072;write;46.21727;131040.0;2835.3038
0;8;384;0;0;1;60;4096;131072;write;21.49334;130560.0;6074.43848
0;32;768;0;0;1;60;512;131072;write;62.22649;5106.5;82.06312
0;32;768;0;0;1;60;512;131072;write;55.27108;130944.0;2369.1232
0;8;192;0;0;1;60;512;131072;write;62.29957;50261.5;806.77127
0;8;192;0;0;1;60;512;131072;write;60.62774;6679.5;110.17234
0;16;768;0;0;1;60;8192;131072;write;8.7136;129024.0;14807.20078
0;16;384;1;0;1;60;128;131072;write;60.20766;7931.75;131.73988
0;16;384;1;0;1;60;128;131072;write;60.87731;7919.625;130.09158
0;8;384;1;0;1;60;128;131072;write;64.26176;842.625;13.11239
0;16;768;1;1;1;60;128;131072;write;60.68912;9566.75;157.63534
0;16;192;1;0;1;60;6144;131072;write;72.69539;7986.0;109.85567
0;16;192;1;0;1;60;6144;131072;write;69.25373;6372.0;92.00948
0;8;96;1;0;1;60;8192;131072;write;69.17543;5488.0;79.33453
0;8;96;1;0;1;60;8192;131072;write;63.45527;10344.0;163.01247
0;32;384;1;0;1;60;8192;131072;write;69.64254;17928.0;257.42888
0;32;384;1;0;1;60;8192;131072;write;79.1888;11848.0;149.61711
0;8;192;1;0;1;60;128;131072;write;60.10261;9293.0;154.6189
0;8;192;1;0;1;60;128;131072;write;60.49469;2291.5;37.87936
0;16;768;0;0;1;60;4096;131072;write;10.68256;129024.0;12078.00383
0;16;384;1;1;1;60;128;131072;write;60.50431;10357.375;171.18409
0;16;384;1;1;1;60;128;131072;write;60.27422;8720.0;144.67213
0;32;1536;1;1;1;60;4096;131072;write;147.82183;11056.0;74.79274
0;32;1536;1;0;1;60;6144;131072;write;145.48188;15204.0;104.50786
0;8;384;0;0;1;60;32;131072;write;60.58104;41831.53125;690.50529
0;8;192;1;0;1;60;6144;131072;write;75.8817;4782.0;63.01915
0;8;192;1;0;1;60;6144;131072;write;75.27501;6282.0;83.454
0;16;768;1;0;1;60;32;131072;write;60.58599;3944.625;65.10787
0;32;384;0;0;1;60;8192;131072;write;15.44965;129024.0;8351.25485
0;32;384;0;0;1;60;8192;131072;write;61.84867;56912.0;920.1814
0;32;384;0;0;1;60;512;131072;write;61.36326;5931.5;96.66208
0;32;384;0;0;1;60;512;131072;write;62.46389;126254.5;2021.23978
0;8;192;1;0;1;60;32;131072;write;60.98002;1126.6875;18.47634
0;8;192;1;0;1;60;32;131072;write;60.09096;6053.0625;100.73166
0;8;96;1;1;1;60;6144;131072;write;66.22081;4446.0;67.13902
0;8;96;1;1;1;60;6144;131072;write;66.27623;5640.0;85.09839
0;32;384;0;0;1;60;128;131072;write;60.04087;21635.125;360.33994
0;32;384;0;0;1;60;128;131072;write;45.06007;131040.0;2908.11775
0;16;192;1;1;1;60;512;131072;write;63.03128;1809.0;28.70004
0;16;192;1;1;1;60;512;131072;write;75.45169;1757.0;23.28642
0;16;768;1;1;1;60;32;131072;write;60.1692;6903.25;114.73064
0;8;384;1;1;1;60;8192;131072;write;84.27247;9544.0;113.25169
0;8;192;0;0;1;60;32;131072;write;60.07434;8080.71875;134.512
0;8;192;0;0;1;60;32;131072;write;60.5915;21201.21875;349.9042
0;16;192;1;0;1;60;32;131072;write;60.47777;9833.84375;162.60262
0;16;192;1;0;1;60;32;131072;write;60.00815;7917.625;131.94249
0;32;1536;1;0;1;60;128;131072;write;90.00317;1286.375;14.29255
0;32;384;1;0;1;60;32;131072;write;60.02736;7038.46875;117.25434
0;32;384;1;0;1;60;32;131072;write;60.9603;4913.09375;80.59497
0;32;1536;1;1;1;60;6144;131072;write;146.40305;15858.0;108.31741
0;8;192;1;0;1;60;8192;131072;write;63.8869;7320.0;114.57748
0;8;192;1;0;1;60;8192;131072;write;71.82901;7488.0;104.24758
0;8;96;1;0;1;60;32;131072;write;61.22492;1602.625;26.17602
0;8;96;1;0;1;60;32;131072;write;60.10846;6598.78125;109.78124
0;16;384;1;1;1;60;6144;131072;write;71.56436;6906.0;96.50054
0;16;384;1;1;1;60;6144;131072;write;86.00812;8622.0;100.24634
0;8;192;0;0;1;60;128;131072;write;60.07561;21871.0;364.05787
0;8;192;0;0;1;60;128;131072;write;60.47963;73730.0;1219.08823
0;8;96;0;0;1;60;1024;131072;write;60.49526;13716.0;226.72851
0;8;96;0;0;1;60;1024;131072;write;63.45603;45931.0;723.824
0;16;768;1;0;1;60;512;131072;write;90.36324;903.5;9.99853
0;32;768;1;0;1;60;4096;131072;write;91.35839;8920.0;97.63745
0;32;768;1;0;1;60;4096;131072;write;73.45723;9216.0;125.46076
0;32;1536;0;0;1;60;6144;131072;write;11.25387;129024.0;11464.85501
0;8;384;1;1;1;60;32;131072;write;60.29664;815.09375;13.51806
0;32;768;1;0;1;60;8192;131072;write;100.36056;15176.0;151.21479
0;32;768;1;0;1;60;8192;131072;write;80.12298;12296.0;153.46409
0;16;768;1;0;1;60;128;131072;write;61.29033;6825.75;111.36748
0;32;1536;1;0;1;60;4096;131072;write;125.07221;11700.0;93.54596
0;32;1536;1;1;1;60;8192;131072;write;138.22959;23576.0;170.55683
0;8;384;1;1;1;60;4096;131072;write;77.05469;8132.0;105.53543
0;32;768;1;1;1;60;1024;131072;write;65.21364;5989.0;91.83661
0;32;768;1;1;1;60;1024;131072;write;89.9573;2445.0;27.17956
0;8;384;1;1;1;60;512;131072;write;63.6597;1396.5;21.93696
0;8;96;0;0;1;60;8192;131072;write;60.86438;39880.0;655.22723
0;8;96;0;0;1;60;8192;131072;write;28.57234;130560.0;4569.45436
0;8;384;1;0;1;60;32;131072;write;60.30452;8093.5;134.21051
0;16;768;1;0;1;60;6144;131072;write;107.86991;10014.0;92.83404
0;32;1536;1;1;1;60;128;131072;write;61.24955;9568.375;156.21952
0;16;384;1;1;1;60;32;131072;write;60.09244;6887.8125;114.62028
0;16;384;1;1;1;60;32;131072;write;60.06606;8409.6875;140.0073
0;8;192;0;0;1;60;6144;131072;write;26.14266;130176.0;4979.44685
0;8;192;0;0;1;60;6144;131072;write;61.14792;27954.0;457.15374
0;32;384;1;0;1;60;512;131072;write;67.75787;3333.0;49.18986
0;32;384;1;0;1;60;512;131072;write;62.54942;3724.0;59.53693
0;32;384;1;1;1;60;8192;131072;write;81.88256;12384.0;151.24099
0;32;384;1;1;1;60;8192;131072;write;71.5196;12272.0;171.58933
0;16;768;1;1;1;60;6144;131072;write;111.92808;9102.0;81.32008
0;32;768;1;1;1;60;4096;131072;write;96.77478;8060.0;83.28616
0;32;768;1;1;1;60;4096;131072;write;66.24414;9216.0;139.12174
0;16;384;1;1;1;60;1024;131072;write;74.52196;2396.0;32.1516
0;16;384;1;1;1;60;1024;131072;write;62.35779;4180.0;67.03252
0;16;768;1;1;1;60;1024;131072;write;91.39468;2353.0;25.74548
0;16;768;0;0;1;60;4096;131072;write;9.23681;129024.0;13968.46222
0;16;768;1;1;1;60;512;131072;write;87.33741;820.5;9.3946
0;16;384;1;0;1;60;6144;131072;write;62.25796;9072.0;145.7163
0;16;384;1;0;1;60;6144;131072;write;86.61509;8202.0;94.69482
0;8;384;1;0;1;60;512;131072;write;62.50845;3319.0;53.09682
0;16;384;0;0;1;60;1024;131072;write;33.37668;130944.0;3923.21861
0;16;384;0;0;1;60;1024;131072;write;60.91861;12271.0;201.43271
0;16;768;1;0;1;60;8192;131072;write;91.24138;16440.0;180.1814
0;16;192;0;0;1;60;8192;131072;write;11.75354;130560.0;11108.14527
0;16;192;0;0;1;60;8192;131072;write;61.14006;61728.0;1009.61636
0;32;1536;0;0;1;60;4096;131072;write;7.54155;129024.0;17108.42034
0;8;96;1;1;1;60;128;131072;write;60.18202;5494.625;91.3001
0;8;96;1;1;1;60;128;131072;write;60.1081;10099.875;168.02851
0;32;768;1;1;1;60;512;131072;write;73.56618;1968.5;26.75822
0;32;768;1;1;1;60;512;131072;write;65.845;3001.0;45.57673
0;32;384;1;0;1;60;1024;131072;write;63.74122;4930.0;77.34399
0;32;384;1;0;1;60;1024;131072;write;69.5096;4722.0;67.93307
0;16;768;0;0;1;60;8192;131072;write;8.17074;129024.0;15790.98824
0;32;768;1;0;1;60;128;131072;write;60.17624;4446.25;73.88714
0;32;768;1;0;1;60;128;131072;write;71.65612;585.25;8.16748
0;16;192;0;0;1;60;1024;131072;write;60.58081;12125.0;200.14587
0;16;192;0;0;1;60;1024;131072;write;60.03828;130674.0;2176.51143
0;16;768;0;0;1;60;32;131072;write;52.19865;131064.0;2510.86967
0;8;384;0;0;1;60;8192;131072;write;8.92646;129024.0;14454.10781
0;8;192;1;0;1;60;1024;131072;write;63.10414;2544.0;40.31431
0;8;192;1;0;1;60;1024;131072;write;63.73831;4816.0;75.55896
0;32;1536;0;0;1;60;128;131072;write;60.22116;122318.75;2031.15907
0;8;96;0;0;1;60;6144;131072;write;40.60164;130752.0;3220.36261
0;8;96;0;0;1;60;6144;131072;write;60.81434;29754.0;489.25957
0;32;384;1;1;1;60;128;131072;write;64.31903;1152.625;17.92044
0;32;384;1;1;1;60;128;131072;write;60.16836;9090.375;151.08232
0;8;384;1;1;1;60;32;131072;write;60.03508;4504.40625;75.02957
0;32;384;1;1;1;60;512;131072;write;64.73489;1428.5;22.06692
0;32;384;1;1;1;60;512;131072;write;62.59493;2101.5;33.57301
0;32;1536;0;0;1;60;128;131072;write;60.39117;123253.0;2040.91109
0;32;768;1;1;1;60;8192;131072;write;90.04036;12288.0;136.47213
0;32;768;1;1;1;60;8192;131072;write;105.02786;14272.0;135.88776
0;8;384;1;0;1;60;128;131072;write;60.5253;6787.875;112.14938
0;16;384;1;0;1;60;4096;131072;write;64.64614;6096.0;94.29797
0;16;384;1;0;1;60;4096;131072;write;74.98497;9188.0;122.53123
0;16;192;1;1;1;60;4096;131072;write;67.66332;7320.0;108.18269
0;16;192;1;1;1;60;4096;131072;write;66.99752;6584.0;98.27229
0;16;192;1;1;1;60;8192;131072;write;72.09716;10304.0;142.91826
0;16;192;1;1;1;60;8192;131072;write;68.92971;8608.0;124.88083
0;8;192;1;0;1;60;32;131072;write;60.47166;9463.875;156.50099
0;8;192;1;0;1;60;32;131072;write;60.03725;2404.40625;40.04857
0;8;96;0;0;1;60;32;131072;write;60.02064;5592.03125;93.16847
0;8;96;0;0;1;60;32;131072;write;60.07905;78294.28125;1303.18777
0;16;192;1;1;1;60;6144;131072;write;71.98992;7032.0;97.68035
0;16;192;1;1;1;60;6144;131072;write;67.25918;6540.0;97.23579
0;32;384;1;1;1;60;32;131072;write;60.1247;7295.84375;121.3452
0;32;384;1;1;1;60;32;131072;write;60.04477;6555.28125;109.17322
0;8;96;0;0;1;60;512;131072;write;60.41231;4603.5;76.20136
0;8;96;0;0;1;60;512;131072;write;60.11785;44970.5;748.03909
0;16;384;1;1;1;60;4096;131072;write;78.2563;8004.0;102.27931
0;16;384;1;1;1;60;4096;131072;write;66.95151;7524.0;112.37983
0;16;384;1;0;1;60;8192;131072;write;62.87682;18032.0;286.78293
0;16;384;1;0;1;60;8192;131072;write;77.41844;14232.0;183.83218
0;8;96;1;0;1;60;1024;131072;write;61.42261;5115.0;83.27552
0;8;96;1;0;1;60;1024;131072;write;61.64184;1777.0;28.82782
0;32;768;0;0;1;60;1024;131072;write;62.26223;11925.0;191.52865
0;32;768;0;0;1;60;1024;131072;write;47.82534;130560.0;2729.93327
0;8;96;1;1;1;60;1024;131072;write;61.07934;4575.0;74.90258
0;8;96;1;1;1;60;1024;131072;write;61.93719;1363.0;22.00616
0;32;384;1;0;1;60;4096;131072;write;66.19414;7468.0;112.81965
0;32;384;1;0;1;60;4096;131072;write;76.45363;7292.0;95.37808
0;8;192;0;0;1;60;8192;131072;write;60.99487;52520.0;861.05603
0;8;192;0;0;1;60;8192;131072;write;17.2378;130560.0;7574.05373
0;32;384;0;0;1;60;6144;131072;write;62.56971;31734.0;507.17833
0;32;384;0;0;1;60;6144;131072;write;13.72913;129024.0;9397.82806
0;32;1536;1;1;1;60;512;131072;write;89.01996;2307.5;25.92115
0;16;192;1;0;1;60;128;131072;write;60.48073;12700.75;209.99662
0;16;192;1;0;1;60;128;131072;write;60.02934;10231.5;170.44167
0;32;768;0;0;1;60;128;131072;write;41.35427;131040.0;3168.7174
0;32;768;0;0;1;60;128;131072;write;60.15114;17513.75;291.1624
0;32;384;1;0;1;60;6144;131072;write;86.12081;9996.0;116.06951
0;32;384;1;0;1;60;6144;131072;write;82.58884;13428.0;162.58855
0;16;192;1;1;1;60;32;131072;write;60.10237;3709.78125;61.72438
0;16;192;1;1;1;60;32;131072;write;60.01969;7247.5625;120.75308
0;8;384;1;0;1;60;8192;131072;write;79.84375;11760.0;147.28767
0;16;192;0;0;1;60;32;131072;write;60.00095;131062.78125;2184.34513
0;16;192;0;0;1;60;32;131072;write;60.03295;4796.40625;79.89623
0;8;384;1;1;1;60;1024;131072;write;65.96761;2516.0;38.13993
0;32;768;1;0;1;60;32;131072;write;60.21504;3350.0625;55.63497
0;32;768;1;0;1;60;32;131072;write;60.85461;6966.6875;114.48085
0;16;192;1;0;1;60;512;131072;write;61.70962;3515.0;56.96033
0;16;192;1;0;1;60;512;131072;write;61.89915;1655.0;26.73704
0;32;1536;1;0;1;60;1024;131072;write;113.1223;3232.0;28.57085
0;8;384;1;0;1;60;32;131072;write;60.2554;7496.15625;124.40638
0;32;384;1;1;1;60;6144;131072;write;64.64638;6912.0;106.92015
0;32;384;1;1;1;60;6144;131072;write;82.22846;10152.0;123.4609
0;8;384;0;0;1;60;6144;131072;write;12.28851;129024.0;10499.56728
0;32;768;1;1;1;60;128;131072;write;60.58026;9063.5;149.61143
0;32;768;1;1;1;60;128;131072;write;60.48238;9105.5;150.54797
0;16;192;1;0;1;60;128;131072;write;60.6609;10668.625;175.87317
0;16;192;1;0;1;60;128;131072;write;60.17173;4174.875;69.38266
0;32;768;1;0;1;60;6144;131072;write;96.35897;9216.0;95.64237
0;32;768;1;0;1;60;6144;131072;write;111.48773;12414.0;111.34857
0;8;384;0;0;1;60;512;131072;write;60.06651;130627.5;2174.71439
0;8;192;1;0;1;60;8192;131072;write;69.06394;9408.0;136.2216
0;8;192;1;0;1;60;8192;131072;write;65.95135;10096.0;153.08254
0;16;768;0;0;1;60;1024;131072;write;46.49218;130560.0;2808.2144
0;8;384;0;0;1;60;8192;131072;write;8.63213;129024.0;14946.94987
0;8;96;1;0;1;60;6144;131072;write;62.885;7296.0;116.0213
0;8;96;1;0;1;60;6144;131072;write;70.18022;5256.0;74.8929
0;32;1536;0;0;1;60;4096;131072;write;6.93986;129024.0;18591.73308
0;8;192;1;0;1;60;32;131072;write;60.32045;9143.15625;151.5764
0;8;192;1;0;1;60;32;131072;write;60.10903;6281.21875;104.4971
0;16;192;0;0;1;60;512;131072;write;64.44227;81568.0;1265.75305
0;16;192;0;0;1;60;512;131072;write;60.43596;6258.5;103.55589
0;8;96;1;0;1;60;1024;131072;write;61.68096;4188.0;67.89778
0;8;96;1;0;1;60;1024;131072;write;69.14732;4163.0;60.20479
0;8;192;0;0;1;60;1024;131072;write;60.65744;10106.0;166.60775
0;8;192;0;0;1;60;1024;131072;write;61.78437;130671.0;2114.95253
0;32;384;1;1;1;60;512;131072;write;62.21943;2657.5;42.71174
0;32;384;1;1;1;60;512;131072;write;64.69748;2078.0;32.11872
0;16;192;1;1;1;60;8192;131072;write;72.06989;7712.0;107.00723
0;16;192;1;1;1;60;8192;131072;write;66.42956;5864.0;88.27396
0;16;384;0;0;1;60;128;131072;write;60.05851;9841.875;163.87144
0;16;384;0;0;1;60;128;131072;write;51.34411;131040.0;2552.19153
0;16;192;0;0;1;60;512;131072;write;62.79539;83755.0;1333.77631
0;16;192;0;0;1;60;512;131072;write;60.75302;4010.0;66.00495
0;8;384;0;0;1;60;1024;131072;write;60.07094;130807.0;2177.54193
0;8;192;0;0;1;60;8192;131072;write;62.80085;56920.0;906.35721
0;8;192;0;0;1;60;8192;131072;write;12.98626;130560.0;10053.70406
0;16;192;1;0;1;60;6144;131072;write;70.83826;7746.0;109.34768
0;16;192;1;0;1;60;6144;131072;write;69.76084;5334.0;76.46123
0;8;192;1;1;1;60;128;131072;write;60.11431;7940.375;132.08793
0;8;192;1;1;1;60;128;131072;write;60.1529;1785.0;29.67438
0;32;384;1;1;1;60;8192;131072;write;76.51681;16216.0;211.9273
0;32;384;1;1;1;60;8192;131072;write;65.07294;9216.0;141.6257
0;8;96;0;0;1;60;8192;131072;write;24.38803;130560.0;5353.44516
0;8;96;0;0;1;60;8192;131072;write;61.98797;63744.0;1028.32864
0;8;192;1;0;1;60;6144;131072;write;69.52389;6372.0;91.65195
0;8;192;1;0;1;60;6144;131072;write;73.24986;7416.0;101.24251
0;8;384;0;0;1;60;128;131072;write;62.81837;130166.625;2072.11098
0;32;384;1;0;1;60;128;131072;write;60.37811;4701.625;77.8697
0;32;384;1;0;1;60;128;131072;write;61.00104;12916.875;211.74843
0;32;768;1;1;1;60;128;131072;write;60.42869;10553.375;174.64181
0;32;768;1;1;1;60;128;131072;write;60.19816;8231.875;136.74629
0;8;384;1;1;1;60;1024;131072;write;74.37881;2848.0;38.29048
0;8;192;0;0;1;60;32;131072;write;62.49148;52307.5;837.03417
0;8;192;0;0;1;60;32;131072;write;60.02105;9740.0625;162.27744
0;16;192;1;1;1;60;128;131072;write;60.33015;5598.125;92.79149
0;16;192;1;1;1;60;128;131072;write;60.07872;9907.25;164.90449
0;32;384;0;0;1;60;8192;131072;write;62.49005;47912.0;766.71406
0;32;384;0;0;1;60;8192;131072;write;7.5041;129024.0;17193.79208
0;8;96;1;1;1;60;128;131072;write;60.0727;8300.0;138.16591
0;8;96;1;1;1;60;128;131072;write;60.22989;2379.375;39.50489
0;16;192;1;0;1;60;32;131072;write;61.32316;2543.375;41.47495
0;16;192;1;0;1;60;32;131072;write;60.03726;6503.375;108.32232
0;32;768;1;0;1;60;32;131072;write;60.14761;2461.03125;40.91653
0;32;768;1;0;1;60;32;131072;write;61.18391;5666.1875;92.60911
0;8;96;1;0;1;60;512;131072;write;60.82226;2793.5;45.92891
0;8;96;1;0;1;60;512;131072;write;60.59998;2225.0;36.71619
0;16;192;1;0;1;60;8192;131072;write;62.86316;8488.0;135.02344
0;16;192;1;0;1;60;8192;131072;write;77.2105;9344.0;121.0198
0;16;192;0;0;1;60;1024;131072;write;60.48543;130005.0;2149.36075
0;16;192;0;0;1;60;1024;131072;write;60.57095;12602.0;208.05354
0;8;192;0;0;1;60;512;131072;write;60.20413;63580.5;1056.08202
0;8;192;0;0;1;60;512;131072;write;60.51704;5873.0;97.04705
0;16;192;1;0;1;60;512;131072;write;62.58279;2101.0;33.57153
0;16;192;1;0;1;60;512;131072;write;61.50382;3418.5;55.58191
0;16;768;0;0;1;60;32;131072;write;56.66339;131064.0;2313.02802
0;8;192;1;1;1;60;4096;131072;write;66.22754;5772.0;87.15408
0;8;192;1;1;1;60;4096;131072;write;71.69001;4008.0;55.90737
0;16;384;1;0;1;60;512;131072;write;62.30313;3295.5;52.89462
0;16;384;1;0;1;60;512;131072;write;73.70502;3872.0;52.53373
0;32;768;1;1;1;60;4096;131072;write;94.45405;9240.0;97.82534
0;32;768;1;1;1;60;4096;131072;write;65.82913;9216.0;139.9988
0;16;384;1;0;1;60;1024;131072;write;63.49752;4136.0;65.13641
0;16;384;1;0;1;60;1024;131072;write;78.28017;5435.0;69.4301
0;32;768;0;0;1;60;128;131072;write;56.18051;131040.0;2332.48168
0;32;768;0;0;1;60;128;131072;write;60.3736;7752.75;128.41293
0;32;1536;0;0;1;60;512;131072;write;57.81944;130560.0;2258.06412
0;16;384;1;1;1;60;1024;131072;write;73.49409;2518.0;34.26126
0;16;384;1;1;1;60;1024;131072;write;62.00279;4165.0;67.1744
0;16;384;0;0;1;60;8192;131072;write;15.84939;129024.0;8140.63098
0;16;384;0;0;1;60;8192;131072;write;61.90461;55928.0;903.45455
0;32;384;1;1;1;60;4096;131072;write;76.94726;7236.0;94.03843
0;32;384;1;1;1;60;4096;131072;write;67.83816;7592.0;111.91341
0;32;1536;1;1;1;60;8192;131072;write;146.30318;26080.0;178.25996
0;8;96;1;0;1;60;6144;131072;write;63.27725;5316.0;84.01123
0;8;96;1;0;1;60;6144;131072;write;66.48257;6738.0;101.34987
0;8;384;1;0;1;60;512;131072;write;64.70188;2228.0;34.43486
0;32;1536;1;0;1;60;4096;131072;write;123.6981;10908.0;88.18244
0;32;768;1;0;1;60;1024;131072;write;71.50471;4046.0;56.58368
0;32;768;1;0;1;60;1024;131072;write;71.2366;5128.0;71.98546
0;8;96;0;0;1;60;6144;131072;write;60.5214;41328.0;682.86592
0;8;96;0;0;1;60;6144;131072;write;40.36612;130752.0;3239.15236
0;16;384;1;1;1;60;4096;131072;write;71.0605;4404.0;61.97536
0;16;384;1;1;1;60;4096;131072;write;70.4282;6864.0;97.46096
0;16;768;1;1;1;60;6144;131072;write;95.81439;9198.0;95.9981
0;8;384;1;0;1;60;1024;131072;write;66.97001;2766.0;41.30207
0;8;384;1;0;1;60;128;131072;write;60.52255;3237.25;53.48833
0;16;384;1;0;1;60;128;131072;write;60.7333;4261.75;70.17156
0;16;384;1;0;1;60;128;131072;write;60.17982;8257.125;137.20754
0;8;96;1;1;1;60;8192;131072;write;66.45896;7296.0;109.78204
0;8;96;1;1;1;60;8192;131072;write;63.27761;7000.0;110.62364
0;16;768;0;0;1;60;6144;131072;write;23.70041;129024.0;5443.95715
0;32;768;1;0;1;60;512;131072;write;64.55209;2851.0;44.16588
0;32;768;1;0;1;60;512;131072;write;69.76824;3462.5;49.6286
0;16;768;1;1;1;60;512;131072;write;94.77287;923.5;9.74435
0;8;96;1;1;1;60;6144;131072;write;62.842;5208.0;82.87451
0;8;96;1;1;1;60;6144;131072;write;67.62552;5250.0;77.63342
0;32;1536;0;0;1;60;6144;131072;write;7.26555;129024.0;17758.3157
0;32;768;1;1;1;60;8192;131072;write;104.24305;14264.0;136.83406
0;32;768;1;1;1;60;8192;131072;write;80.04861;12288.0;153.50672
0;32;1536;1;1;1;60;128;131072;write;61.4647;3806.375;61.92783
0;8;192;1;0;1;60;512;131072;write;61.3787;3276.0;53.37356
0;8;192;1;0;1;60;512;131072;write;62.90728;2026.0;32.20613
0;8;192;1;1;1;60;512;131072;write;64.80782;1329.0;20.50678
0;8;192;1;1;1;60;512;131072;write;61.82938;1771.0;28.64334
0;32;1536;1;1;1;60;6144;131072;write;146.99346;15402.0;104.78017
0;16;192;1;1;1;60;4096;131072;write;66.14945;4856.0;73.40953
0;16;192;1;1;1;60;4096;131072;write;63.4375;6252.0;98.5537
0;8;192;0;0;1;60;1024;131072;write;60.61176;12508.0;206.36261
0;8;192;0;0;1;60;1024;131072;write;61.84243;129880.0;2100.17629
0;16;768;1;1;1;60;32;131072;write;60.11368;4153.5625;69.09513
0;16;384;0;0;1;60;6144;131072;write;20.83845;129024.0;6191.63106
0;16;384;0;0;1;60;6144;131072;write;61.37442;34080.0;555.2802
0;32;384;0;0;1;60;1024;131072;write;61.26796;12086.0;197.2646
0;32;384;0;0;1;60;1024;131072;write;56.17971;130944.0;2330.80584
0;32;768;0;0;1;60;32;131072;write;60.0703;7645.125;127.26963
0;32;768;0;0;1;60;32;131072;write;50.78887;131064.0;2580.56527
0;16;768;1;1;1;60;128;131072;write;60.45899;3410.875;56.41635
0;16;768;0;0;1;60;128;131072;write;45.47663;131040.0;2881.47969
0;32;768;0;0;1;60;4096;131072;write;64.31941;30428.0;473.0765
0;32;768;0;0;1;60;4096;131072;write;8.63192;129024.0;14947.3068
0;8;96;1;0;1;60;8192;131072;write;64.76278;8704.0;134.39819
0;8;96;1;0;1;60;8192;131072;write;65.48407;8560.0;130.71881
0;8;192;1;1;1;60;1024;131072;write;61.39695;3207.0;52.23387
0;8;192;1;1;1;60;1024;131072;write;66.77248;1983.0;29.69787
0;8;384;1;1;1;60;32;131072;write;60.14102;7333.875;121.94465
0;32;1536;0;0;1;60;1024;131072;write;28.54192;130560.0;4574.32459
0;32;384;0;0;1;60;128;131072;write;60.99371;24597.375;403.27727
0;32;384;0;0;1;60;128;131072;write;60.3288;75234.75;1247.07847
0;8;192;1;0;1;60;128;131072;write;60.48072;9366.0;154.85927
0;8;192;1;0;1;60;128;131072;write;60.06929;8976.25;149.43159
0;8;384;1;1;1;60;6144;131072;write;82.81236;9972.0;120.41681
0;8;384;0;0;1;60;8192;131072;write;10.20473;129024.0;12643.55231
0;32;384;0;0;1;60;4096;131072;write;60.9228;31744.0;521.0529
0;32;384;0;0;1;60;4096;131072;write;30.20361;130560.0;4322.66163
0;8;192;1;1;1;60;8192;131072;write;65.99572;8672.0;131.40246
0;8;192;1;1;1;60;8192;131072;write;73.96222;9512.0;128.6062
0;8;96;0;0;1;60;512;131072;write;61.38412;38374.0;625.14539
0;8;96;0;0;1;60;512;131072;write;60.27858;7306.0;121.20391
0;16;384;1;1;1;60;32;131072;write;60.03853;6078.875;101.24956
0;16;384;1;1;1;60;32;131072;write;60.32704;1777.21875;29.45974
0;16;768;1;1;1;60;8192;131072;write;96.16772;13752.0;143.00016
0;16;768;0;0;1;60;4096;131072;write;20.5711;129024.0;6272.1006
0;32;768;1;1;1;60;8192;131072;write;106.09689;12592.0;118.68397
0;32;768;1;1;1;60;8192;131072;write;74.84182;12288.0;164.18628
0;8;96;1;1;1;60;1024;131072;write;61.35225;2408.0;39.24877
0;8;96;1;1;1;60;1024;131072;write;65.68393;1736.0;26.4296
0;32;384;1;0;1;60;512;131072;write;61.19393;3734.5;61.0273
0;32;384;1;0;1;60;512;131072;write;68.83586;1976.0;28.70597
0;16;384;1;1;1;60;512;131072;write;63.93595;2573.0;40.2434
0;16;384;1;1;1;60;512;131072;write;66.35786;1307.5;19.70377
0;16;768;1;1;1;60;4096;131072;write;102.81001;7280.0;70.81023
0;32;1536;0;0;1;60;128;131072;write;62.03957;122237.0;1970.30713
0;8;384;1;0;1;60;8192;131072;write;85.03205;9896.0;116.37965
0;32;768;0;0;1;60;8192;131072;write;65.63899;49088.0;747.84816
0;32;768;0;0;1;60;8192;131072;write;12.32477;129024.0;10468.67252
0;32;768;1;1;1;60;1024;131072;write;66.90889;5983.0;89.42011
0;32;768;1;1;1;60;1024;131072;write;81.10478;4698.0;57.92507
0;8;384;1;1;1;60;1024;131072;write;77.6335;1402.0;18.05921
0;32;1536;1;0;1;60;6144;131072;write;154.69049;15438.0;99.79928
0;16;192;0;0;1;60;8192;131072;write;16.36836;130560.0;7976.36346
0;16;192;0;0;1;60;8192;131072;write;61.1601;60944.0;996.46657
0;16;384;1;1;1;60;8192;131072;write;86.7382;10496.0;121.00782
0;16;384;1;1;1;60;8192;131072;write;69.88605;10216.0;146.18081
0;32;1536;0;0;1;60;8192;131072;write;5.7244;122880.0;21465.99873
0;32;384;1;1;1;60;128;131072;write;60.12737;11565.25;192.34585
0;32;384;1;1;1;60;128;131072;write;60.22181;9944.0;165.12289
0;16;384;1;0;1;60;6144;131072;write;85.26256;6996.0;82.05243
0;16;384;1;0;1;60;6144;131072;write;67.28794;6768.0;100.58266
0;8;384;1;0;1;60;32;131072;write;60.77305;2138.75;35.19241
0;16;384;1;0;1;60;32;131072;write;60.81008;5206.03125;85.61132
0;16;384;1;0;1;60;32;131072;write;60.1169;3921.15625;65.22553
0;32;768;1;1;1;60;6144;131072;write;72.12264;9216.0;127.78234
0;32;768;1;1;1;60;6144;131072;write;103.74543;10920.0;105.25765
0;8;96;0;0;1;60;32;131072;write;60.08656;51056.4375;849.71471
0;8;96;0;0;1;60;32;131072;write;60.01053;11432.6875;190.51135
0;32;1536;1;0;1;60;128;131072;write;85.16442;1147.75;13.47687
0;8;384;0;0;1;60;4096;131072;write;25.96124;130560.0;5029.03556
0;8;96;1;1;1;60;32;131072;write;60.00874;6025.75;100.41453
0;8;96;1;1;1;60;32;131072;write;60.10263;4701.65625;78.22713
0;16;192;1;0;1;60;128;131072;write;60.16178;6496.75;107.98799
0;16;192;1;0;1;60;128;131072;write;60.47741;8092.375;133.80822
0;16;768;1;0;1;60;6144;131072;write;99.54753;9414.0;94.56789
0;32;1536;1;1;1;60;32;131072;write;60.3458;711.40625;11.78883
0;16;192;1;1;1;60;1024;131072;write;65.06314;1601.0;24.60687
0;16;192;1;1;1;60;1024;131072;write;61.90229;1823.0;29.44964
0;32;1536;0;0;1;60;32;131072;write;60.88916;121056.78125;1988.15002
0;16;192;1;1;1;60;512;131072;write;63.09937;1275.0;20.20622
0;16;192;1;1;1;60;512;131072;write;62.42522;1280.5;20.51254
0;32;1536;1;1;1;60;1024;131072;write;101.0522;3565.0;35.2788
0;8;96;1;0;1;60;4096;131072;write;67.44287;4152.0;61.56322
0;8;96;1;0;1;60;4096;131072;write;62.3559;5580.0;89.48632
0;32;384;1;0;1;60;8192;131072;write;79.54415;13256.0;166.64958
0;32;384;1;0;1;60;8192;131072;write;65.21924;21320.0;326.89741
0;16;768;1;0;1;60;1024;131072;write;88.48408;2134.0;24.11733
0;32;1536;1;0;1;60;32;131072;write;73.81512;763.78125;10.34722
0;8;384;0;0;1;60;512;131072;write;60.48347;98965.5;1636.2404
0;32;1536;1;1;1;60;4096;131072;write;122.42665;12904.0;105.40188
0;32;1536;1;0;1;60;512;131072;write;105.70181;2208.0;20.88895
0;8;96;0;0;1;60;4096;131072;write;60.46148;30680.0;507.43049
0;8;96;0;0;1;60;4096;131072;write;57.3943;130944.0;2281.48086
0;8;96;0;0;1;60;4096;131072;write;58.05159;130944.0;2255.64868
0;8;96;0;0;1;60;4096;131072;write;60.66516;34628.0;570.80543
0;32;384;0;0;1;60;6144;131072;write;15.94171;129024.0;8093.48421
0;32;384;0;0;1;60;6144;131072;write;62.99948;31602.0;501.6232
0;32;384;1;1;1;60;32;131072;write;60.09529;6962.5;115.85767
0;32;384;1;1;1;60;32;131072;write;60.05176;6808.03125;113.36938
0;8;96;1;1;1;60;512;131072;write;61.09774;1167.0;19.10054
0;8;96;1;1;1;60;512;131072;write;64.46243;855.5;13.2713
0;8;96;1;1;1;60;128;131072;write;60.10067;7782.25;129.4869
0;8;96;1;1;1;60;128;131072;write;60.52841;5613.375;92.73952
0;16;192;1;1;1;60;6144;131072;write;68.30474;6684.0;97.85558
0;16;192;1;1;1;60;6144;131072;write;73.32925;6024.0;82.15003
0;8;384;1;1;1;60;128;131072;write;60.30729;4428.25;73.4281
0;16;768;1;1;1;60;1024;131072;write;78.97127;3825.0;48.43533
0;8;192;1;1;1;60;32;131072;write;62.51222;2619.90625;41.91031
0;8;192;1;1;1;60;32;131072;write;60.08893;5075.84375;84.47219
0;32;384;1;0;1;60;6144;131072;write;81.82703;13542.0;165.49543
0;32;384;1;0;1;60;6144;131072;write;84.22409;9642.0;114.48031
0;32;1536;1;0;1;60;1024;131072;write;108.99552;3818.0;35.02896
0;32;768;1;0;1;60;128;131072;write;62.00012;2249.25;36.27815
0;32;768;1;0;1;60;128;131072;write;60.38337;6789.75;112.44404
0;16;384;1;1;1;60;32;131072;write;60.09865;6261.75;104.19119
0;16;384;1;1;1;60;32;131072;write;60.98693;5927.46875;97.19245
0;32;1536;1;0;1;60;8192;131072;write;136.07451;20824.0;153.03381
0;32;768;0;0;1;60;1024;131072;write;48.75604;130560.0;2677.82186
0;32;768;0;0;1;60;1024;131072;write;62.06983;11394.0;183.56744
0;8;192;1;1;1;60;32;131072;write;60.05434;6275.40625;104.49546
0;8;192;1;1;1;60;32;131072;write;62.44414;2037.6875;32.63217
0;8;384;0;0;1;60;32;131072;write;60.25192;73975.9375;1227.77734
0;32;768;1;1;1;60;512;131072;write;67.29226;3758.5;55.85338
0;32;768;1;1;1;60;512;131072;write;85.0558;1722.0;20.24553
0;8;192;1;0;1;60;8192;131072;write;71.0716;7384.0;103.89523
0;8;192;1;0;1;60;8192;131072;write;67.5523;8728.0;129.20359
0;8;384;1;1;1;60;512;131072;write;66.87625;1064.0;15.90998
0;8;96;1;0;1;60;128;131072;write;60.98943;3416.5;56.0179
0;8;96;1;0;1;60;128;131072;write;60.14305;8024.75;133.42773
0;8;192;1;1;1;60;6144;131072;write;76.5078;4638.0;60.62127
0;8;192;1;1;1;60;6144;131072;write;71.71728;5988.0;83.49452
0;32;768;1;0;1;60;6144;131072;write;92.74789;9216.0;99.36614
0;32;768;1;0;1;60;6144;131072;write;105.39422;11928.0;113.17509
0;8;192;1;0;1;60;4096;131072;write;74.93481;7096.0;94.69564
0;8;192;1;0;1;60;4096;131072;write;68.3275;4884.0;71.47927
0;8;192;0;0;1;60;128;131072;write;60.08842;107270.375;1785.20893
0;8;192;0;0;1;60;128;131072;write;60.06058;20624.25;343.39081
0;32;384;0;0;1;60;512;131072;write;60.79509;6682.5;109.91841
0;32;384;0;0;1;60;512;131072;write;61.33962;130699.0;2130.74348
0;16;768;1;0;1;60;128;131072;write;61.11178;1587.5;25.97699
0;16;384;0;0;1;60;1024;131072;write;61.35271;11456.0;186.72362
0;16;384;0;0;1;60;1024;131072;write;46.84494;130944.0;2795.26483
0;16;768;0;0;1;60;512;131072;write;61.67972;130941.0;2122.91816
0;32;384;1;1;1;60;1024;131072;write;62.71625;4873.0;77.69916
0;32;384;1;1;1;60;1024;131072;write;67.59059;2655.0;39.28062
0;32;1536;1;1;1;60;32;131072;write;63.48589;942.25;14.84188
0;32;384;1;0;1;60;1024;131072;write;62.81402;4902.0;78.0399
0;32;384;1;0;1;60;1024;131072;write;69.46907;3843.0;55.31959
0;8;192;1;0;1;60;1024;131072;write;67.12367;1106.0;16.47705
0;8;192;1;0;1;60;1024;131072;write;65.10399;2572.0;39.50603
0;16;768;0;0;1;60;512;131072;write;53.68858;130944.0;2438.95457
0;32;1536;1;1;1;60;512;131072;write;98.97226;1983.0;20.03592
0;16;384;0;0;1;60;4096;131072;write;61.87204;35852.0;579.45395
0;16;384;0;0;1;60;4096;131072;write;14.57503;130560.0;8957.78803
0;8;384;0;0;1;60;512;131072;write;60.37192;74362.5;1231.73987
0;8;192;0;0;1;60;6144;131072;write;29.67817;130176.0;4386.25459
0;8;192;0;0;1;60;6144;131072;write;61.03787;43476.0;712.27907
0;8;96;1;1;1;60;4096;131072;write;67.44145;3424.0;50.76996
0;8;96;1;1;1;60;4096;131072;write;64.29139;5276.0;82.06387
0;16;384;1;0;1;60;4096;131072;write;72.32929;8448.0;116.79915
0;16;384;1;0;1;60;4096;131072;write;72.58304;8392.0;115.61929
0;8;384;1;0;1;60;6144;131072;write;96.65959;4710.0;48.72771
0;32;768;1;1;1;60;32;131072;write;60.23607;6656.28125;110.50324
0;32;768;1;1;1;60;32;131072;write;60.18864;9565.5;158.92535
0;16;192;0;0;1;60;4096;131072;write;60.84243;38060.0;625.55033
0;16;192;0;0;1;60;4096;131072;write;27.74285;130560.0;4706.07672
0;16;192;1;1;1;60;32;131072;write;60.04318;9442.53125;157.26236
0;16;192;1;1;1;60;32;131072;write;60.02193;6643.6875;110.68767
0;16;192;0;0;1;60;6144;131072;write;61.39938;40980.0;667.43345
0;16;192;0;0;1;60;6144;131072;write;20.11053;130176.0;6473.02654
0;32;384;1;1;1;60;6144;131072;write;81.92436;9258.0;113.00668
0;32;384;1;1;1;60;6144;131072;write;79.80994;9102.0;114.04595
0;16;192;1;0;1;60;6144;131072;write;72.24192;6300.0;87.20699
0;16;192;1;0;1;60;6144;131072;write;72.40997;7884.0;108.88003
0;16;768;0;0;1;60;1024;131072;write;20.14533;130560.0;6480.90514
0;32;768;1;0;1;60;8192;131072;write;95.36512;17816.0;186.81884
0;32;768;1;0;1;60;8192;131072;write;73.67045;12328.0;167.33983
0;16;192;1;0;1;60;4096;131072;write;66.94694;6868.0;102.58871
0;16;192;1;0;1;60;4096;131072;write;66.10262;9060.0;137.05962
0;16;384;1;1;1;60;6144;131072;write;84.00167;8538.0;101.64084
0;16;384;1;1;1;60;6144;131072;write;64.27096;6918.0;107.63804
0;32;384;1;0;1;60;32;131072;write;60.14497;8506.78125;141.43796
0;32;384;1;0;1;60;32;131072;write;61.27263;8685.15625;141.7461
0;32;768;1;0;1;60;4096;131072;write;75.2268;9188.0;122.13732
0;32;768;1;0;1;60;4096;131072;write;89.07123;10612.0;119.14061
0;16;768;1;0;1;60;8192;131072;write;97.36258;16344.0;167.86738
0;16;192;0;0;1;60;32;131072;write;60.00059;131048.625;2184.12215
0;16;192;0;0;1;60;32;131072;write;60.0149;13487.15625;224.73012
0;32;768;0;0;1;60;512;131072;write;64.17604;130811.0;2038.31528
0;32;768;0;0;1;60;512;131072;write;61.80302;5912.5;95.66685
0;16;192;0;0;1;60;128;131072;write;60.06555;28404.0;472.88336
0;16;192;0;0;1;60;128;131072;write;36.19715;131064.0;3620.8376
0;16;192;1;0;1;60;1024;131072;write;61.70149;5085.0;82.41291
0;16;192;1;0;1;60;1024;131072;write;62.68013;4408.0;70.32532
0;32;768;0;0;1;60;6144;131072;write;14.62596;129024.0;8821.57677
0;32;768;0;0;1;60;6144;131072;write;65.10834;36468.0;560.11259
0;16;768;1;0;1;60;512;131072;write;68.10925;3003.5;44.09827
0;32;384;0;0;1;60;32;131072;write;60.03855;13259.40625;220.84821
0;32;384;0;0;1;60;32;131072;write;60.45836;62822.40625;1039.10205
0;16;384;1;0;1;60;8192;131072;write;79.06708;13488.0;170.58933
0;16;384;1;0;1;60;8192;131072;write;69.4564;21256.0;306.03372
0;16;384;0;0;1;60;32;131072;write;60.02949;12134.5;202.14233
0;16;384;0;0;1;60;32;131072;write;36.22396;131064.0;3618.15731
0;8;384;1;1;1;60;8192;131072;write;85.44236;7800.0;91.28962
0;32;384;1;0;1;60;4096;131072;write;70.17811;7408.0;105.55998
0;32;384;1;0;1;60;4096;131072;write;75.9168;6836.0;90.04594
0;8;384;1;1;1;60;4096;131072;write;89.75162;3996.0;44.52287
0;16;384;1;1;1;60;128;131072;write;60.25174;10951.875;181.76861
0;16;384;1;1;1;60;128;131072;write;60.0645;10885.25;181.22601
0;16;768;1;0;1;60;32;131072;write;60.70001;5708.28125;94.04087
0;8;384;0;0;1;60;6144;131072;write;24.28642;129024.0;5312.59824
0;16;384;1;1;1;60;128;131072;write;60.25798;10992.0;182.41567
0;16;384;1;1;1;60;128;131072;write;60.0927;11081.5;184.40676
0;8;96;1;0;1;60;32;131072;write;60.08679;8837.84375;147.08464
0;8;96;1;0;1;60;32;131072;write;60.41585;3080.4375;50.98724
0;16;768;1;0;1;60;4096;131072;write;89.44921;8984.0;100.43689
0;32;384;1;0;1;60;8192;131072;write;63.62227;21392.0;336.23448
0;32;384;1;0;1;60;8192;131072;write;80.10762;10784.0;134.6189
0;8;192;0;0;1;60;4096;131072;write;47.68139;130560.0;2738.17548
0;8;192;0;0;1;60;4096;131072;write;60.85532;36764.0;604.12143
0;8;96;0;0;1;60;128;131072;write;60.02773;28591.5;476.30488
0;8;96;0;0;1;60;128;131072;write;60.34292;81993.875;1358.79856
0;16;384;0;0;1;60;512;131072;write;61.49278;6851.0;111.41145
0;16;384;0;0;1;60;512;131072;write;63.04593;130523.0;2070.28441
0;16;768;0;0;1;60;8192;131072;write;5.96566;129024.0;21627.78689
0;16;768;1;1;1;60;512;131072;write;83.08667;1633.0;19.65417
0;8;96;0;0;1;60;1024;131072;write;60.38388;14348.0;237.61307
0;8;96;0;0;1;60;1024;131072;write;61.70677;35274.0;571.63903
0;8;384;1;0;1;60;4096;131072;write;82.99663;4380.0;52.77323
0;32;384;0;0;1;60;128;131072;write;60.63972;24670.5;406.83728
0;32;384;0;0;1;60;128;131072;write;60.10222;128952.75;2145.55733
0;8;192;0;0;1;60;8192;131072;write;30.18465;130560.0;4325.37757
0;8;192;0;0;1;60;8192;131072;write;61.02993;64352.0;1054.43348
0;8;384;1;0;1;60;128;131072;write;61.35423;621.125;10.12359
0;8;192;0;0;1;60;32;131072;write;60.1855;50659.3125;841.71958
0;8;192;0;0;1;60;32;131072;write;60.01551;10486.875;174.73608
0;8;384;1;0;1;60;512;131072;write;76.23685;710.0;9.31308
0;8;96;0;0;1;60;32;131072;write;60.10024;26165.09375;435.35753
0;8;96;0;0;1;60;32;131072;write;60.00846;14365.5;239.39123
0;16;768;1;1;1;60;512;131072;write;68.70294;2084.0;30.33349
0;16;384;0;0;1;60;128;131072;write;60.05155;21429.0;356.84339
0;16;384;0;0;1;60;128;131072;write;46.28132;131040.0;2831.3799
0;8;96;0;0;1;60;1024;131072;write;60.62877;35235.0;581.15972
0;8;96;0;0;1;60;1024;131072;write;60.23271;15385.0;255.42602
0;32;384;0;0;1;60;128;131072;write;60.04257;25733.875;428.59384
0;32;384;0;0;1;60;128;131072;write;61.01575;112014.875;1835.83531
0;8;96;1;0;1;60;32;131072;write;60.05932;7648.125;127.34284
0;8;96;1;0;1;60;32;131072;write;60.74111;2525.90625;41.58479
0;32;1536;0;0;1;60;32;131072;write;60.1176;111272.5625;1850.91486
0;32;384;1;0;1;60;8192;131072;write;90.24254;10800.0;119.67749
0;32;384;1;0;1;60;8192;131072;write;69.99113;20976.0;299.69513
0;8;384;1;0;1;60;6144;131072;write;96.34704;5400.0;56.04739
0;32;384;1;0;1;60;32;131072;write;60.02287;9057.65625;150.90341
0;32;384;1;0;1;60;32;131072;write;60.96119;6836.78125;112.14974
0;8;192;1;0;1;60;4096;131072;write;66.99773;8508.0;126.98937
0;16;192;1;0;1;60;6144;131072;write;71.9207;8034.0;111.70636
0;16;192;1;0;1;60;6144;131072;write;66.86864;6258.0;93.58647
0;8;192;0;0;1;60;512;131072;write;60.52678;8541.5;141.11935
0;8;192;1;1;1;60;128;131072;write;60.1182;10272.75;170.87587
0;32;384;0;0;1;60;32;131072;write;60.03204;9697.53125;161.53926
0;32;384;1;0;1;60;1024;131072;write;62.48412;4358.0;69.74572
0;16;192;0;0;1;60;6144;131072;write;61.14021;41220.0;674.18802
0;16;384;1;0;1;60;128;131072;write;60.183;9607.625;159.64017
0;16;384;0;0;1;60;8192;131072;write;62.41185;60672.0;972.12304
0;32;384;1;0;1;60;512;131072;write;62.7935;3197.5;50.92088
0;32;768;1;1;1;60;128;131072;write;60.16969;11802.375;196.15149
0;8;192;1;0;1;60;8192;131072;write;64.80772;8696.0;134.18155
0;32;384;0;0;1;60;8192;131072;write;62.04311;56800.0;915.4924
0;32;384;1;0;1;60;6144;131072;write;87.14101;13542.0;155.4033
0;16;192;1;1;1;60;8192;131072;write;67.28538;11544.0;171.56774
0;8;96;0;0;1;60;4096;131072;write;60.41642;39844.0;659.48963
0;8;192;1;1;1;60;32;131072;write;60.01949;6941.71875;115.65774
0;16;384;0;0;1;60;512;131072;write;60.99039;8397.5;137.68562
0;16;192;1;0;1;60;1024;131072;write;61.59865;4722.0;76.65752
0;32;768;1;1;1;60;1024;131072;write;67.25419;6390.0;95.01267
0;32;384;1;1;1;60;512;131072;write;61.30294;2662.0;43.42369
0;8;96;1;0;1;60;512;131072;write;60.43638;2509.0;41.51473
0;16;192;1;1;1;60;32;131072;write;60.01883;6764.75;112.71045
0;32;768;1;1;1;60;8192;131072;write;76.7672;12312.0;160.38099
0;16;192;1;0;1;60;8192;131072;write;67.95325;9880.0;145.39408
0;8;192;1;0;1;60;32;131072;write;60.12896;8398.6875;139.67791
0;8;192;1;0;1;60;512;131072;write;61.41297;3491.5;56.85281
0;16;384;1;1;1;60;32;131072;write;60.05059;6119.28125;101.90209
0;16;192;1;1;1;60;128;131072;write;65.52518;8820.25;134.60856
0;16;384;1;1;1;60;6144;131072;write;76.05538;9012.0;118.4926
0;8;96;1;0;1;60;8192;131072;write;63.03216;9816.0;155.73003
0;16;384;1;1;1;60;512;131072;write;63.49778;2771.0;43.63932
0;16;192;0;0;1;60;128;131072;write;60.09374;30585.125;508.95693
0;8;192;1;1;1;60;512;131072;write;62.17626;1863.0;29.9632
0;8;96;0;0;1;60;8192;131072;write;60.51366;62400.0;1031.17214
0;32;384;0;0;1;60;6144;131072;write;63.37871;33528.0;529.01045
0;16;192;1;0;1;60;128;131072;write;60.18366;6020.0;100.02716
0;32;384;0;0;1;60;4096;131072;write;61.86958;34568.0;558.72368
0;32;768;1;0;1;60;8192;131072;write;80.05681;12288.0;153.491
0;8;192;1;0;1;60;1024;131072;write;61.03631;5167.0;84.65452
0;32;768;1;1;1;60;6144;131072;write;89.48217;13224.0;147.78363
0;8;96;1;1;1;60;8192;131072;write;64.5974;6928.0;107.2489
0;16;384;1;1;1;60;128;131072;write;60.17041;11551.5;191.97976
0;32;384;1;0;1;60;4096;131072;write;68.33269;7456.0;109.11322
0;16;384;0;0;1;60;32;131072;write;60.03826;9959.09375;165.87913
0;32;384;0;0;1;60;8192;131072;write;62.6497;44432.0;709.21333
0;8;96;1;0;1;60;4096;131072;write;64.52119;6000.0;92.99271
0;16;192;1;1;1;60;4096;131072;write;65.21881;6884.0;105.55238
0;32;384;0;0;1;60;512;131072;write;60.99298;7357.0;120.62045
0;8;192;1;1;1;60;4096;131072;write;66.33898;6492.0;97.86102
0;16;192;1;1;1;60;1024;131072;write;63.54328;3546.0;55.80448
0;8;96;1;1;1;60;6144;131072;write;65.40966;5358.0;81.9145
0;32;384;0;0;1;60;4096;131072;write;62.12479;34148.0;549.66789
0;8;192;0;0;1;60;4096;131072;write;60.90499;36096.0;592.66078
0;16;384;1;0;1;60;512;131072;write;64.67509;3587.5;55.46958
0;8;96;1;1;1;60;32;131072;write;60.01884;6002.21875;100.00558
0;16;384;1;1;1;60;512;131072;write;63.53744;2840.5;44.70592
0;8;192;0;0;1;60;1024;131072;write;60.61765;12841.0;211.83599
0;8;96;0;0;1;60;512;131072;write;60.23047;7611.0;126.36461
0;16;384;1;0;1;60;1024;131072;write;62.41241;4856.0;77.80504
0;32;768;0;0;1;60;1024;131072;write;61.75558;10650.0;172.45406
0;16;192;1;0;1;60;32;131072;write;60.01607;9378.34375;156.26387
0;32;768;0;0;1;60;512;131072;write;62.15657;5670.0;91.22125
0;32;384;1;1;1;60;128;131072;write;60.2164;11131.0;184.84998
0;32;768;1;0;1;60;4096;131072;write;86.02974;9216.0;107.12575
0;16;192;1;0;1;60;512;131072;write;61.09243;3419.5;55.97257
0;32;768;1;0;1;60;6144;131072;write;91.7352;9216.0;100.46307
0;16;384;0;0;1;60;4096;131072;write;61.68181;32944.0;534.09589
0;32;768;0;0;1;60;6144;131072;write;63.77577;36756.0;576.33173
0;32;384;1;0;1;60;128;131072;write;66.04209;7360.0;111.44407
0;32;384;1;1;1;60;4096;131072;write;69.11193;6132.0;88.72564
0;32;384;1;1;1;60;6144;131072;write;73.70312;6900.0;93.61884
0;16;384;1;1;1;60;1024;131072;write;61.52538;4890.0;79.4794
0;32;768;1;0;1;60;512;131072;write;66.6959;3399.0;50.96265
0;8;96;0;0;1;60;1024;131072;write;60.30867;13949.0;231.29344
0;32;384;0;0;1;60;1024;131072;write;60.95472;14494.0;237.78308
0;16;192;0;0;1;60;512;131072;write;60.56279;6967.5;115.04588
0;32;768;0;0;1;60;4096;131072;write;63.27515;30588.0;483.41252
0;16;192;1;0;1;60;4096;131072;write;64.26649;7104.0;110.53972
0;32;384;1;1;1;60;1024;131072;write;63.14861;5595.0;88.60052
0;16;192;0;0;1;60;32;131072;write;60.01728;11581.40625;192.96787
0;8;192;1;0;1;60;1024;131072;write;61.23326;5222.0;85.28045
0;16;384;1;1;1;60;8192;131072;write;66.99901;9216.0;137.55428
0;8;96;1;0;1;60;1024;131072;write;60.82759;4808.0;79.04308
0;8;96;1;1;1;60;128;131072;write;60.08186;10646.875;177.20615
0;32;768;0;0;1;60;32;131072;write;60.05757;10614.96875;176.74654
0;8;192;1;1;1;60;6144;131072;write;67.593;7740.0;114.5089
0;16;384;1;0;1;60;6144;131072;write;67.1622;8658.0;128.91181
0;8;192;1;1;1;60;1024;131072;write;62.34057;4071.0;65.30258
0;32;768;1;1;1;60;512;131072;write;65.4242;3934.0;60.13065
0;8;96;1;0;1;60;32;131072;write;60.03692;7292.875;121.47318
0;32;768;1;1;1;60;4096;131072;write;69.43085;9208.0;132.62115
0;8;96;1;1;1;60;1024;131072;write;60.91502;3234.0;53.09036
0;16;192;0;0;1;60;8192;131072;write;61.15349;54616.0;893.09706
0;16;384;1;1;1;60;4096;131072;write;63.49238;7640.0;120.32939
0;16;384;1;0;1;60;4096;131072;write;71.77797;5796.0;80.74901
0;8;192;1;1;1;60;1024;131072;write;63.58733;3361.0;52.85644
0;8;192;0;0;1;60;6144;131072;write;61.82913;39774.0;643.28906
0;8;192;1;0;1;60;128;131072;write;60.21432;9421.875;156.47233
0;16;192;0;0;1;60;4096;131072;write;60.8426;30536.0;501.88518
0;16;384;0;0;1;60;6144;131072;write;62.35191;33762.0;541.47501
0;16;192;1;1;1;60;6144;131072;write;65.89039;6774.0;102.8071
0;32;768;0;0;1;60;6144;131072;write;66.45246;35922.0;540.5669
0;8;192;1;0;1;60;6144;131072;write;70.71416;6324.0;89.43046
0;16;192;0;0;1;60;1024;131072;write;60.44601;15042.0;248.85018
0;32;384;1;1;1;60;32;131072;write;60.10135;6615.28125;110.06876
0;8;192;1;1;1;60;8192;131072;write;67.735;8496.0;125.42999
0;16;384;0;0;1;60;1024;131072;write;61.5047;12824.0;208.5044
0;32;768;1;0;1;60;32;131072;write;60.11324;5857.53125;97.44162
0;32;768;0;0;1;60;128;131072;write;60.16371;21555.125;358.27456
0;32;384;1;0;1;60;1024;131072;write;63.3961;5137.0;81.03022
0;16;192;1;1;1;60;512;131072;write;61.85682;1893.5;30.61101
0;8;96;0;0;1;60;6144;131072;write;60.66137;44886.0;739.94376
0;32;384;1;1;1;60;8192;131072;write;76.20572;12216.0;160.30294
0;32;768;0;0;1;60;8192;131072;write;66.10115;47696.0;721.56087
0;8;96;0;0;1;60;32;131072;write;60.00687;14440.71875;240.65107
0;8;192;0;0;1;60;4096;131072;write;60.90691;37348.0;613.19808
0;8;96;1;1;1;60;512;131072;write;60.89158;2001.5;32.8699
0;32;768;1;0;1;60;128;131072;write;60.72829;6412.375;105.59123
0;16;384;1;0;1;60;32;131072;write;60.02575;8366.78125;139.38653
0;32;384;1;1;1;60;128;131072;write;60.05291;11561.875;192.52813
0;8;96;1;1;1;60;4096;131072;write;65.96542;5160.0;78.2228
0;8;96;1;0;1;60;128;131072;write;60.07132;10674.0;177.6888
0;32;768;1;0;1;60;1024;131072;write;62.07938;4555.0;73.3738
0;16;384;1;0;1;60;8192;131072;write;65.43301;21280.0;325.21811
0;8;96;0;0;1;60;128;131072;write;60.02737;31228.25;520.2335
0;8;96;1;0;1;60;6144;131072;write;65.90982;6162.0;93.49138
0;8;192;1;0;1;60;4096;131072;write;65.6976;8504.0;129.44155
0;8;192;0;0;1;60;128;131072;write;60.01937;30606.375;509.94163
0;8;192;1;1;1;60;6144;131072;write;69.08629;7704.0;111.51271
0;32;768;1;1;1;60;32;131072;write;60.21354;9728.6875;161.56977
0;16;384;1;0;1;60;128;131072;write;60.24266;8512.25;141.29937
0;16;384;0;0;1;60;32;131072;write;60.03575;9662.3125;160.94265
0;32;384;1;1;1;60;32;131072;write;60.09972;6611.6875;110.01194
0;8;96;1;1;1;60;32;131072;write;60.05597;6191.21875;103.09081
0;32;384;1;1;1;60;8192;131072;write;63.05184;9216.0;146.16543
0;16;192;0;0;1;60;6144;131072;write;61.19428;42228.0;690.06447
0;16;384;1;0;1;60;8192;131072;write;70.86654;20968.0;295.88013
0;32;384;0;0;1;60;32;131072;write;60.03793;10532.375;175.42869
0;16;384;0;0;1;60;4096;131072;write;61.83129;34440.0;556.99956
0;32;384;0;0;1;60;6144;131072;write;62.38157;33828.0;542.27551
0;16;384;1;1;1;60;4096;131072;write;70.78165;8984.0;126.92555
0;16;384;1;1;1;60;1024;131072;write;63.98319;4484.0;70.0809
0;32;768;0;0;1;60;4096;131072;write;62.17533;30716.0;494.02232
0;8;96;0;0;1;60;512;131072;write;60.25718;8807.0;146.15685
0;32;768;1;0;1;60;512;131072;write;61.81357;3240.0;52.41568
0;16;384;0;0;1;60;6144;131072;write;61.97724;31662.0;510.86498
0;32;384;0;0;1;60;512;131072;write;61.10831;7327.5;119.91005
0;16;192;1;1;1;60;6144;131072;write;69.34951;7146.0;103.04327
0;32;768;1;1;1;60;128;131072;write;60.22411;11514.0;191.1859
0;8;192;1;1;1;60;128;131072;write;60.06618;11755.375;195.70705
0;8;96;1;0;1;60;4096;131072;write;62.74403;6960.0;110.92689
0;8;192;1;1;1;60;512;131072;write;62.45109;1621.5;25.96432
0;8;96;1;0;1;60;128;131072;write;60.0081;10004.75;166.72332
0;8;96;0;0;1;60;128;131072;write;60.01754;29579.875;492.85381
0;16;192;1;1;1;60;512;131072;write;62.46171;1942.5;31.09905
0;16;384;0;0;1;60;1024;131072;write;61.02757;13578.0;222.48959
0;16;192;1;1;1;60;1024;131072;write;62.79415;3639.0;57.95125
0;32;384;1;1;1;60;512;131072;write;66.25775;2842.5;42.90064
0;16;384;0;0;1;60;8192;131072;write;61.47265;59120.0;961.72851
0;32;384;1;0;1;60;32;131072;write;60.7418;8366.40625;137.73721
0;32;384;1;1;1;60;4096;131072;write;61.89965;7668.0;123.87792
0;16;192;1;0;1;60;512;131072;write;60.59582;3720.5;61.39863
0;8;96;0;0;1;60;8192;131072;write;60.4782;64336.0;1063.78829
0;32;768;1;0;1;60;32;131072;write;60.07924;4256.34375;70.8455
0;16;192;0;0;1;60;8192;131072;write;61.13683;62128.0;1016.21236
0;8;96;0;0;1;60;6144;131072;write;60.54772;44610.0;736.77426
0;8;96;1;0;1;60;1024;131072;write;60.47366;4438.0;73.38732
0;16;384;1;0;1;60;1024;131072;write;62.32804;4232.0;67.89882
0;32;384;1;1;1;60;6144;131072;write;76.42036;9186.0;120.20357
0;16;384;1;1;1;60;6144;131072;write;64.96939;9156.0;140.92791
0;32;768;1;0;1;60;8192;131072;write;69.69374;12288.0;176.31425
0;32;384;1;0;1;60;4096;131072;write;67.28258;7408.0;110.10279
0;8;192;0;0;1;60;6144;131072;write;61.36554;42936.0;699.67609
0;16;384;0;0;1;60;512;131072;write;61.10952;6302.5;103.13451
0;32;384;1;1;1;60;1024;131072;write;62.21481;4185.0;67.26694
0;32;768;0;0;1;60;8192;131072;write;62.95443;51856.0;823.70689
0;32;384;1;0;1;60;128;131072;write;60.13908;8871.25;147.51222
0;8;96;1;0;1;60;6144;131072;write;66.41858;5766.0;86.81306
0;16;192;1;0;1;60;32;131072;write;60.1368;8355.125;138.9353
0;8;192;0;0;1;60;32;131072;write;60.0153;11490.625;191.4616
0;32;768;0;0;1;60;512;131072;write;62.51603;7018.0;112.25921
0;16;192;0;0;1;60;128;131072;write;60.13133;24516.875;407.72217
0;16;192;1;0;1;60;1024;131072;write;61.72006;4640.0;75.17816
0;32;768;1;1;1;60;32;131072;write;60.0434;9259.78125;154.21814
0;16;192;0;0;1;60;4096;131072;write;60.60094;34128.0;563.15957
0;8;192;1;0;1;60;6144;131072;write;66.66217;6486.0;97.29656
0;16;384;1;1;1;60;8192;131072;write;65.43586;9208.0;140.71794
0;32;384;1;0;1;60;512;131072;write;61.39097;3861.5;62.90013
0;32;768;1;0;1;60;4096;131072;write;67.30592;9216.0;136.92704
0;32;768;1;1;1;60;4096;131072;write;65.1035;9216.0;141.55922
0;32;768;0;0;1;60;1024;131072;write;61.85911;11375.0;183.88559
0;16;384;1;0;1;60;6144;131072;write;63.74819;9006.0;141.27461
0;8;192;1;0;1;60;512;131072;write;60.65198;3763.0;62.04249
0;16;384;1;1;1;60;32;131072;write;60.04808;6143.53125;102.31021
0;8;192;0;0;1;60;6144;131072;write;61.04633;42084.0;689.37806
0;16;192;1;1;1;60;32;131072;write;60.01549;5659.3125;94.29753
0;32;384;1;1;1;60;6144;131072;write;67.7058;9174.0;135.49799
0;16;192;1;0;1;60;32;131072;write;60.28308;5444.15625;90.30985
0;32;768;1;1;1;60;4096;131072;write;75.03448;9172.0;122.23714
0;32;384;0;0;1;60;1024;131072;write;60.96641;10613.0;174.07945
0;16;192;1;0;1;60;6144;131072;write;67.31658;5304.0;78.79189
0;32;768;1;0;1;60;32;131072;write;60.09511;4930.96875;82.05274
0;32;768;0;0;1;60;32;131072;write;60.07728;7227.46875;120.30287
0;32;768;1;1;1;60;128;131072;write;60.49961;12468.0;206.08398
0;16;192;1;0;1;60;128;131072;write;60.06002;6725.875;111.9859
0;8;192;1;0;1;60;512;131072;write;60.83571;3052.5;50.17613
0;8;96;1;0;1;60;32;131072;write;60.00254;7772.34375;129.53357
0;16;384;0;0;1;60;1024;131072;write;61.36037;10015.0;163.21609
0;16;384;0;0;1;60;8192;131072;write;61.93191;50024.0;807.72573
0;32;384;1;0;1;60;1024;131072;write;63.98654;4506.0;70.42106
0;32;384;1;0;1;60;32;131072;write;60.04566;5136.84375;85.54896
0;8;192;1;0;1;60;8192;131072;write;67.20486;8488.0;126.30039
0;16;192;0;0;1;60;6144;131072;write;62.24023;31170.0;500.80152
0;32;768;1;1;1;60;32;131072;write;60.11372;6930.65625;115.29242
0;32;384;0;0;1;60;32;131072;write;60.02872;7916.78125;131.88323
0;16;384;0;0;1;60;32;131072;write;60.03492;5262.875;87.66356
0;16;384;1;1;1;60;4096;131072;write;64.15657;6072.0;94.64347
0;8;96;1;0;1;60;4096;131072;write;64.23288;4568.0;71.11623
0;32;384;1;1;1;60;4096;131072;write;63.94875;7616.0;119.09537
0;16;192;1;1;1;60;4096;131072;write;64.37968;5028.0;78.09918
0;16;192;1;1;1;60;8192;131072;write;65.92415;7176.0;108.85238
0;8;96;0;0;1;60;4096;131072;write;60.483;26948.0;445.54671
0;16;192;1;0;1;60;512;131072;write;61.80852;3250.5;52.58983
0;16;192;1;0;1;60;1024;131072;write;61.40846;4158.0;67.71054
0;8;96;1;1;1;60;32;131072;write;60.08884;4436.4375;73.83131
0;32;768;0;0;1;60;128;131072;write;60.61185;12439.875;205.23832
0;8;192;1;1;1;60;6144;131072;write;70.49315;5364.0;76.0925
0;8;192;1;1;1;60;8192;131072;write;63.72927;5632.0;88.37383
0;8;192;1;0;1;60;4096;131072;write;67.87016;5300.0;78.09029
0;16;384;1;1;1;60;6144;131072;write;67.57408;9156.0;135.49574
0;32;768;1;1;1;60;6144;131072;write;71.55959;9216.0;128.78776
